Rank,Name,Team,Pos,Age,G,GS,PassCmp,PassAtt,PassYds,PassTD,PassInt,RushAtt,RushYds,Y/A,RushTD,Tgt,Rec,RecYds,Y/R,RecTD,FantPt,PosRank
1,Antonio Brown*+,PIT,WR,27,16,16,0,0,0,0,0,3,28,9.33,0,193.0,136,1834,13.49,10,250.0,1
2,Devonta Freeman*,ATL,RB,23,15,13,0,0,0,0,0,265,1056,3.98,11,97.0,73,578,7.92,3,243.0,1
3,Julio Jones*+,ATL,WR,26,16,16,0,0,0,0,0,0,0,,0,203.0,136,1871,13.76,8,235.0,2
4,Adrian Peterson*+,MIN,RB,30,16,16,0,0,0,0,0,327,1485,4.54,11,36.0,30,222,7.4,0,231.0,2
5,Cam Newton*+,CAR,QB,26,16,16,296,495,3837,35,10,132,636,4.82,10,0.0,0,0,,0,391.0,1
6,Brandon Marshall*,NYJ,WR,31,16,16,0,0,0,0,0,0,0,,0,173.0,109,1502,13.78,14,230.0,3
7,Allen Robinson*,JAX,WR,22,16,16,0,0,0,0,0,0,0,,0,151.0,80,1400,17.5,14,224.0,4
8,Odell Beckham*,NYG,WR,23,15,15,0,0,0,0,0,1,3,3.0,0,158.0,96,1450,15.1,13,223.0,5
9,Rob Gronkowski*+,NWE,TE,26,15,15,0,0,0,0,0,0,0,,0,120.0,72,1176,16.33,11,184.0,1
10,DeAndre Hopkins*,HOU,WR,23,16,16,0,0,0,0,0,0,0,,0,192.0,111,1521,13.7,11,220.0,6
11,Doug Martin*+,TAM,RB,26,16,16,0,0,0,0,0,288,1402,4.87,6,44.0,33,271,8.21,1,199.0,3
12,Gary Barnidge*,CLE,TE,30,16,13,0,0,0,0,0,0,0,,0,125.0,79,1043,13.2,9,158.0,2
13,Jordan Reed,WAS,TE,25,14,9,0,0,0,0,0,0,0,,0,114.0,87,952,10.94,11,157.0,3
14,DeAngelo Williams,PIT,RB,32,16,10,0,0,0,0,0,200,907,4.54,11,47.0,40,367,9.18,0,191.0,4
15,Doug Baldwin,SEA,WR,27,16,16,0,0,0,0,0,0,0,,0,103.0,78,1069,13.71,14,191.0,7
16,Todd Gurley*,STL,RB,21,13,12,0,0,0,0,0,229,1106,4.83,10,26.0,21,188,8.95,0,189.0,5
17,A.J. Green*,CIN,WR,27,16,16,0,0,0,0,0,0,0,,0,132.0,86,1297,15.08,10,188.0,8
18,Greg Olsen*,CAR,TE,30,16,16,0,0,0,0,0,0,0,,0,124.0,77,1104,14.34,7,150.0,4
19,Delanie Walker*,TEN,TE,31,15,10,0,0,0,0,0,1,36,36.0,0,133.0,94,1088,11.57,6,150.0,5
20,Lamar Miller,MIA,RB,24,16,16,0,0,0,0,0,194,872,4.49,8,57.0,47,397,8.45,2,185.0,6
21,Tom Brady*,NWE,QB,38,16,16,402,624,4770,36,7,34,53,1.56,3,1.0,1,36,36.0,0,344.0,2
22,Russell Wilson*,SEA,QB,27,16,16,329,483,4024,34,8,103,553,5.37,1,0.0,0,0,,0,342.0,3
23,Tyler Eifert*,CIN,TE,25,13,12,0,0,0,0,0,0,0,,0,74.0,52,615,11.83,13,140.0,6
24,David Johnson,ARI,RB,24,16,5,0,0,0,0,0,125,581,4.65,8,57.0,36,457,12.69,4,174.0,7
25,Matt Forte,CHI,RB,30,13,13,0,0,0,0,0,218,898,4.12,4,58.0,44,389,8.84,3,173.0,8
26,Chris Ivory*,NYJ,RB,27,15,14,0,0,0,0,0,247,1070,4.33,7,37.0,30,217,7.23,1,173.0,9
27,Calvin Johnson*,DET,WR,30,16,16,0,0,0,0,0,0,0,,0,149.0,88,1214,13.8,9,173.0,9
28,Eric Decker,NYJ,WR,28,15,13,0,0,0,0,0,0,0,,0,132.0,80,1027,12.84,12,173.0,10
29,Larry Fitzgerald*,ARI,WR,32,16,16,0,0,0,0,0,0,0,,0,145.0,109,1215,11.15,9,172.0,11
30,Brandin Cooks,NOR,WR,22,16,13,0,0,0,0,0,8,18,2.25,0,129.0,84,1138,13.55,9,170.0,12
31,Latavius Murray*,OAK,RB,25,16,16,0,0,0,0,0,266,1066,4.01,6,53.0,41,232,5.66,0,164.0,10
32,Demaryius Thomas,DEN,WR,28,16,16,0,0,0,0,0,0,0,,0,177.0,105,1304,12.42,6,164.0,13
33,Danny Woodhead,SDG,RB,30,16,2,0,0,0,0,0,98,336,3.43,3,106.0,80,755,9.44,6,163.0,11
34,Blake Bortles,JAX,QB,23,16,16,355,606,4428,35,18,52,310,5.96,2,0.0,0,0,,0,324.0,4
35,Allen Hurns,JAX,WR,24,15,15,0,0,0,0,0,0,0,,0,105.0,64,1031,16.11,10,163.0,14
36,Frank Gore,IND,RB,32,16,16,0,0,0,0,0,260,967,3.72,6,58.0,34,267,7.85,1,159.0,12
37,Jarvis Landry*,MIA,WR,23,16,14,1,1,9,0,0,18,113,6.28,1,166.0,110,1157,10.52,4,159.0,15
38,Sammy Watkins,BUF,WR,22,13,13,0,0,0,0,0,1,1,1.0,0,96.0,60,1047,17.45,9,159.0,16
39,Jeremy Hill,CIN,RB,23,16,15,0,0,0,0,0,223,794,3.56,11,19.0,15,79,5.27,1,157.0,13
40,Darren McFadden,DAL,RB,28,16,10,0,1,0,0,0,239,1089,4.56,3,53.0,40,328,8.2,0,156.0,14
41,Jeremy Maclin,KAN,WR,27,15,15,0,0,0,0,0,3,14,4.67,0,124.0,87,1088,12.51,8,156.0,17
42,Travis Kelce*,KAN,TE,26,16,16,0,0,0,0,0,0,0,,0,103.0,72,875,12.15,5,118.0,7
43,Mark Ingram,NOR,RB,26,12,10,0,0,0,0,0,166,769,4.63,6,60.0,50,405,8.1,0,153.0,15
44,Ben Watson,NOR,TE,35,16,16,0,0,0,0,0,0,0,,0,110.0,74,825,11.15,6,117.0,8
45,Carson Palmer*,ARI,QB,36,16,16,342,537,4671,35,11,25,24,0.96,1,0.0,0,0,,0,309.0,5
46,Emmanuel Sanders,DEN,WR,28,15,15,0,0,0,0,0,3,29,9.67,0,136.0,76,1135,14.93,6,148.0,18
47,Jonathan Stewart*,CAR,RB,28,13,13,0,0,0,0,0,242,989,4.09,6,21.0,16,99,6.19,1,147.0,16
48,LeSean McCoy*,BUF,RB,27,12,12,0,0,0,0,0,203,895,4.41,3,50.0,32,292,9.13,2,147.0,17
49,Michael Crabtree,OAK,WR,28,16,15,0,0,0,0,0,0,0,,0,146.0,85,922,10.85,9,146.0,19
50,Jordan Matthews,PHI,WR,23,16,13,0,0,0,0,0,0,0,,0,126.0,85,997,11.73,8,146.0,20
51,Drew Brees,NOR,QB,36,15,15,428,627,4870,32,11,24,14,0.58,1,0.0,0,0,,0,306.0,6
52,Aaron Rodgers*,GNB,QB,32,16,16,347,572,3821,31,8,58,344,5.93,1,0.0,0,0,,0,305.0,7
53,John Brown,ARI,WR,25,15,11,0,0,0,0,0,3,22,7.33,0,101.0,65,1003,15.43,7,143.0,21
54,T.Y. Hilton*,IND,WR,26,16,15,0,0,0,0,0,0,0,,0,134.0,69,1124,16.29,5,142.0,22
55,DeMarco Murray,PHI,RB,27,15,8,0,0,0,0,0,193,702,3.64,6,55.0,44,322,7.32,1,140.0,18
56,James Jones,GNB,WR,31,16,15,0,0,0,0,0,0,0,,0,99.0,50,890,17.8,8,141.0,23
57,Amari Cooper*,OAK,WR,21,16,15,0,0,0,0,0,3,-3,-1.0,0,130.0,72,1070,14.86,6,141.0,25
58,Tavon Austin,STL,WR,25,16,15,0,0,0,0,0,52,434,8.35,4,87.0,52,473,9.1,5,141.0,24
59,Ted Ginn,CAR,WR,30,15,13,0,0,0,0,0,4,60,15.0,0,97.0,44,739,16.8,10,140.0,26
60,Richard Rodgers,GNB,TE,23,16,12,0,0,0,0,0,1,11,11.0,0,85.0,58,510,8.79,8,102.0,9
61,Ronnie Hillman,DEN,RB,24,16,11,0,0,0,0,0,207,863,4.17,7,35.0,24,111,4.63,0,137.0,19
62,Rashad Jennings,NYG,RB,30,16,16,0,0,0,0,0,195,863,4.43,3,40.0,29,296,10.21,1,136.0,20
63,Mike Evans,TAM,WR,22,15,14,0,0,0,0,0,0,0,,0,148.0,74,1206,16.3,3,137.0,27
64,Kirk Cousins,WAS,QB,27,16,16,379,543,4166,29,11,26,48,1.85,5,0.0,0,0,,0,295.0,8
65,Giovani Bernard,CIN,RB,24,16,1,0,0,0,0,0,154,730,4.74,2,66.0,49,472,9.63,0,132.0,21
66,Zach Ertz,PHI,TE,25,15,7,0,0,0,0,0,0,0,,0,112.0,75,853,11.37,2,95.0,10
67,Matthew Stafford,DET,QB,27,16,16,398,592,4262,32,13,44,159,3.61,1,1.0,1,-6,-6.0,0,292.0,9
68,Charles Sims,TAM,RB,25,16,0,0,0,0,0,0,107,529,4.94,0,70.0,51,561,11.0,4,129.0,22
69,Antonio Gates,SDG,TE,35,11,4,0,0,0,0,0,0,0,,0,85.0,56,630,11.25,5,93.0,11
70,Jeremy Langford,CHI,RB,24,16,2,0,0,0,0,0,148,537,3.63,6,42.0,22,279,12.68,1,128.0,23
71,Travis Benjamin,CLE,WR,26,16,15,0,0,0,0,0,4,12,3.0,0,125.0,68,966,14.21,5,128.0,28
72,Rueben Randle,NYG,WR,24,16,16,0,0,0,0,0,0,0,,0,90.0,57,797,13.98,8,128.0,29
73,Eli Manning*,NYG,QB,34,16,16,387,618,4432,35,14,20,61,3.05,0,0.0,0,0,,0,287.0,10
74,Philip Rivers,SDG,QB,34,16,16,437,661,4792,29,13,17,28,1.65,0,0.0,0,0,,0,286.0,11
75,Ryan Fitzpatrick,NYJ,QB,33,16,16,335,562,3905,31,15,60,270,4.5,2,0.0,0,0,,0,285.0,12
76,James Starks,GNB,RB,29,16,4,0,0,0,0,0,148,601,4.06,2,53.0,43,392,9.12,3,123.0,24
77,Kamar Aiken,BAL,WR,26,16,14,0,0,0,0,0,0,0,,0,127.0,75,944,12.59,5,124.0,30
78,Richie Brockel,CAR,,29,2,0,0,0,0,0,0,0,0,,0,0.0,0,0,,0,,3
79,Jameis Winston*,TAM,QB,21,16,16,312,535,4042,22,15,54,213,3.94,6,0.0,0,0,,0,279.0,13
80,Tyrod Taylor*,BUF,QB,26,14,14,242,380,3035,20,6,104,568,5.46,4,1.0,1,4,4.0,0,275.0,14
81,Derek Carr*,OAK,QB,24,16,16,350,573,3987,32,13,33,138,4.18,0,0.0,0,0,,0,273.0,15
82,Alex Smith,KAN,QB,31,16,16,307,470,3486,20,7,84,498,5.93,2,0.0,0,0,,0,273.0,16
83,Ryan Tannehill,MIA,QB,27,16,16,363,586,4208,24,12,32,141,4.41,1,1.0,1,9,9.0,0,259.0,17
84,Andy Dalton,CIN,QB,28,13,13,255,386,3250,25,7,57,142,2.49,3,0.0,0,0,,0,244.0,18
85,Matt Ryan,ATL,QB,30,16,16,407,614,4591,21,16,36,63,1.75,0,0.0,0,0,,0,236.0,19
86,Ben Roethlisberger*,PIT,QB,33,12,11,319,469,3938,21,16,15,29,1.93,0,0.0,0,-3,,0,234.0,20
87,Jay Cutler,CHI,QB,32,15,15,311,483,3659,21,11,38,201,5.29,1,0.0,0,0,,0,230.0,21
88,Marcus Mariota,TEN,QB,22,12,12,230,370,2818,19,10,34,252,7.41,2,1.0,1,41,41.0,1,210.0,22
89,Teddy Bridgewater*,MIN,QB,23,16,16,292,447,3231,14,9,44,192,4.36,3,0.0,0,0,,0,200.0,23
90,Sam Bradford,PHI,QB,28,14,14,346,532,3725,19,14,26,39,1.5,0,0.0,0,0,,0,195.0,24
91,Brian Hoyer,HOU,QB,30,11,9,224,369,2606,19,7,15,44,2.93,0,0.0,0,0,,0,169.0,25
92,Joe Flacco,BAL,QB,30,10,10,266,413,2791,14,12,13,23,1.77,3,0.0,0,0,,0,166.0,26
93,Josh McCown,CLE,QB,36,8,8,186,292,2109,12,4,20,98,4.9,1,0.0,0,0,,0,136.0,27
94,Andrew Luck,IND,QB,26,7,7,162,293,1881,15,12,33,196,5.94,0,0.0,0,0,,0,133.0,28
95,Blaine Gabbert,SFO,QB,26,8,8,178,282,2031,10,7,32,185,5.78,1,0.0,0,0,,0,130.0,29
96,Randall Cobb,GNB,WR,25,16,15,0,0,0,0,0,13,50,3.85,0,129.0,79,829,10.49,6,124.0,31
97,Michael Floyd,ARI,WR,26,15,6,0,0,0,0,0,0,0,,0,89.0,52,849,16.33,6,121.0,33
98,Eddie Lacy,GNB,RB,25,15,12,0,0,0,0,0,187,758,4.05,3,28.0,20,188,9.4,2,121.0,26
99,Thomas Rawls,SEA,RB,22,13,7,0,0,0,0,0,147,830,5.65,4,11.0,9,76,8.44,1,121.0,25
100,Golden Tate,DET,WR,27,16,16,0,0,0,0,0,6,41,6.83,0,128.0,90,813,9.03,6,121.0,32
101,Martavis Bryant,PIT,WR,24,11,5,0,0,0,0,0,5,37,7.4,1,92.0,50,765,15.3,6,120.0,34
102,T.J. Yeldon,JAX,RB,22,12,12,0,0,0,0,0,182,740,4.07,2,46.0,36,279,7.75,1,120.0,27
103,Isaiah Crowell,CLE,RB,22,16,9,0,0,0,0,0,185,706,3.82,4,22.0,19,182,9.58,1,119.0,28
104,Brock Osweiler,DEN,QB,25,8,7,170,275,1967,10,6,21,61,2.9,1,0.0,0,0,,0,119.0,30
105,LeGarrette Blount,NWE,RB,29,12,6,0,0,0,0,0,165,703,4.26,6,7.0,6,43,7.17,1,117.0,29
106,C.J. Anderson,DEN,RB,24,15,6,0,0,0,0,0,152,720,4.74,5,36.0,25,183,7.32,0,116.0,30
107,Pierre Garcon,WAS,WR,29,16,16,0,0,0,0,0,0,0,,0,111.0,72,777,10.79,6,116.0,36
108,Willie Snead,NOR,WR,23,15,9,0,0,0,0,0,0,0,,0,101.0,69,984,14.26,3,116.0,35
109,Charcandrick West,KAN,RB,24,15,9,0,0,0,0,0,160,634,3.96,4,34.0,20,214,10.7,1,113.0,32
110,Karlos Williams,BUF,RB,22,11,3,0,0,0,0,0,93,517,5.56,7,14.0,11,96,8.73,2,113.0,31
111,Julian Edelman,NWE,WR,29,9,9,0,0,0,0,0,3,23,7.67,0,88.0,61,692,11.34,7,112.0,37
112,Colin Kaepernick,SFO,QB,28,9,8,144,244,1615,6,5,45,256,5.69,1,0.0,0,0,,0,112.0,31
113,Marvin Jones,CIN,WR,25,16,13,0,0,0,0,0,5,33,6.6,0,103.0,65,816,12.55,4,109.0,40
114,Donte Moncrief,IND,WR,22,16,10,0,0,0,0,0,0,0,,0,105.0,64,733,11.45,6,109.0,38
115,Markus Wheaton,PIT,WR,24,16,8,0,0,0,0,0,0,0,,0,79.0,44,749,17.02,5,109.0,39
116,Alshon Jeffery,CHI,WR,25,9,8,0,0,0,0,0,0,0,,0,94.0,54,807,14.94,4,105.0,41
117,Ryan Mathews,PHI,RB,28,13,6,0,0,0,0,0,106,539,5.08,6,28.0,20,146,7.3,1,105.0,33
118,Anquan Boldin,SFO,WR,35,14,13,0,0,0,0,0,0,0,,0,111.0,69,789,11.43,4,103.0,42
119,Duke Johnson,CLE,RB,22,16,7,0,0,0,0,0,104,379,3.64,0,74.0,61,534,8.75,2,103.0,34
120,Tyler Lockett*+,SEA,WR,23,16,8,0,0,0,0,0,5,20,4.0,0,69.0,51,664,13.02,6,102.0,43
121,Terrance Williams,DAL,WR,26,16,13,0,0,0,0,0,0,0,,0,93.0,52,840,16.15,3,102.0,44
122,Javorius Allen,BAL,RB,24,16,6,0,0,0,0,0,137,514,3.75,1,62.0,45,353,7.84,2,101.0,36
123,Chris Johnson,ARI,RB,30,11,9,0,0,0,0,0,196,814,4.15,3,13.0,6,58,9.67,0,101.0,35
124,Jermaine Kearse,SEA,WR,25,16,16,0,0,0,0,0,0,0,,0,68.0,49,685,13.98,5,101.0,45
125,Shane Vereen,NYG,RB,26,16,0,0,0,0,0,0,61,260,4.26,0,81.0,59,495,8.39,4,100.0,37
126,Theo Riddick,DET,RB,24,16,1,0,0,0,0,0,43,133,3.09,0,99.0,80,697,8.71,3,99.0,38
127,Keenan Allen,SDG,WR,23,8,8,0,0,0,0,0,0,0,,0,89.0,67,725,10.82,4,97.0,47
128,Alfred Blue,HOU,RB,24,15,9,0,0,0,0,0,183,698,3.81,2,16.0,15,109,7.27,1,97.0,39
129,Stefon Diggs,MIN,WR,22,13,9,0,0,0,0,0,3,13,4.33,0,84.0,52,720,13.85,4,97.0,46
130,Nick Foles,STL,QB,26,11,11,190,337,2052,7,10,17,20,1.18,1,0.0,0,0,,0,96.0,32
131,Matt Jones,WAS,RB,22,13,0,0,0,0,0,0,144,490,3.4,3,25.0,19,304,16.0,1,95.0,40
132,Peyton Manning,DEN,QB,39,10,9,198,331,2249,9,17,6,-6,-1.0,0,0.0,0,0,,0,95.0,33
133,Johnny Manziel,CLE,QB,23,10,6,129,223,1500,7,5,37,230,6.22,0,0.0,0,0,,0,95.0,34
134,Darren Sproles*,PHI,WR,32,16,4,0,0,0,0,0,83,317,3.82,3,83.0,55,388,7.05,1,95.0,48
135,Justin Forsett,BAL,RB,30,10,10,0,0,0,0,0,151,641,4.25,2,41.0,31,153,4.94,0,93.0,41
136,Ameer Abdullah,DET,RB,22,16,9,0,0,0,0,0,143,597,4.17,2,38.0,25,183,7.32,1,92.0,42
137,Torrey Smith,SFO,WR,26,16,12,0,0,0,0,0,0,0,,0,62.0,33,663,20.09,4,92.0,49
138,Antonio Andrews,TEN,RB,23,14,10,1,1,41,1,0,143,520,3.64,3,29.0,21,174,8.29,0,91.0,43
139,Matt Hasselbeck,IND,QB,40,8,8,156,256,1690,9,5,16,15,0.94,0,0.0,0,0,,0,91.0,35
140,Rishard Matthews,MIA,WR,26,11,11,0,0,0,0,0,1,4,4.0,0,61.0,43,662,15.4,4,91.0,50
141,Nate Washington,HOU,WR,32,14,14,0,0,0,0,0,0,0,,0,94.0,47,658,14.0,4,90.0,51
142,Bilal Powell,NYJ,RB,27,11,2,0,0,0,0,0,70,313,4.47,1,63.0,47,388,8.26,2,88.0,44
143,Le'Veon Bell,PIT,RB,23,6,6,0,0,0,0,0,113,556,4.92,3,26.0,24,136,5.67,0,87.0,45
144,Alfred Morris,WAS,RB,27,16,16,0,0,0,0,0,202,751,3.72,1,13.0,10,55,5.5,0,87.0,46
145,Jason Witten,DAL,TE,33,16,16,0,0,0,0,0,0,0,,0,104.0,77,713,9.26,3,87.0,12
146,Joique Bell,DET,RB,29,13,5,0,0,0,0,0,90,311,3.46,4,27.0,22,286,13.0,0,86.0,47
147,Kenny Britt,STL,WR,27,16,14,0,0,0,0,0,0,0,,0,72.0,36,681,18.92,3,86.0,52
148,Steve Smith,BAL,WR,36,7,7,0,0,0,0,0,0,0,,0,73.0,46,670,14.57,3,85.0,53
149,Eric Ebron,DET,TE,22,14,8,0,0,0,0,0,0,0,,0,70.0,47,537,11.43,5,84.0,13
150,Dion Lewis,NWE,RB,25,7,6,0,0,0,0,0,49,234,4.78,2,50.0,36,388,10.78,2,84.0,48
151,Danny Amendola,NWE,WR,30,14,7,1,1,36,0,0,2,11,5.5,0,87.0,65,648,9.97,3,83.0,54
152,James White,NWE,RB,23,14,1,0,0,0,0,0,22,56,2.55,2,54.0,40,410,10.25,4,83.0,49
153,Dorial Green-Beckham,TEN,WR,22,16,5,0,0,0,0,0,0,0,,0,67.0,32,549,17.16,4,81.0,55
154,Cole Beasley,DAL,WR,26,16,3,0,0,0,0,0,0,0,,0,75.0,52,536,10.31,5,80.0,57
155,Jamaal Charles,KAN,RB,29,5,5,0,0,0,0,0,71,364,5.13,4,29.0,21,177,8.43,1,80.0,50
156,Seth Roberts,OAK,WR,24,16,5,0,0,0,0,0,0,0,,0,55.0,32,480,15.0,5,80.0,56
157,Kyle Rudolph,MIN,TE,26,16,16,0,0,0,0,0,0,0,,0,73.0,49,495,10.1,5,80.0,14
158,Marques Colston,NOR,WR,32,13,5,0,0,0,0,0,0,0,,0,67.0,45,520,11.56,4,78.0,58
159,Julius Thomas,JAX,TE,27,12,11,0,0,0,0,0,0,0,,0,80.0,46,455,9.89,5,78.0,15
160,Spencer Ware,KAN,RB,24,11,2,0,0,0,0,0,72,403,5.6,6,6.0,6,5,0.83,0,77.0,51
161,Andre Johnson,IND,WR,34,16,14,0,0,0,0,0,0,0,,0,77.0,41,503,12.27,4,76.0,59
162,Jamison Crowder,WAS,WR,22,16,6,0,1,0,0,0,2,2,1.0,0,78.0,59,604,10.24,2,75.0,62
163,Devin Funchess,CAR,WR,21,16,5,0,0,0,0,0,0,0,,0,63.0,31,473,15.26,5,75.0,60
164,Melvin Gordon,SDG,RB,22,14,13,0,0,0,0,0,184,641,3.48,0,37.0,33,192,5.82,0,75.0,52
165,Jimmy Graham,SEA,TE,29,11,11,0,0,0,0,0,0,0,,0,74.0,48,605,12.6,2,75.0,16
166,DeSean Jackson,WAS,WR,29,10,9,0,0,0,0,0,0,0,,0,49.0,30,528,17.6,4,75.0,61
167,Tim Hightower,NOR,RB,29,8,3,0,0,0,0,0,96,375,3.91,4,13.0,12,129,10.75,0,74.0,53
168,Vincent Jackson,TAM,WR,32,10,9,0,0,0,0,0,0,0,,0,62.0,33,543,16.45,3,74.0,63
169,Zach Miller,CHI,TE,31,15,14,0,0,0,0,0,0,0,,0,46.0,34,439,12.91,5,74.0,17
170,Corey Brown,CAR,WR,24,14,11,0,0,0,0,0,6,38,6.33,0,54.0,31,447,14.42,4,73.0,64
171,Malcom Floyd,SDG,WR,34,15,13,0,0,0,0,0,0,0,,0,68.0,30,561,18.7,3,72.0,65
172,Jacob Tamme,ATL,TE,30,15,8,0,0,0,0,0,0,0,,0,81.0,59,657,11.14,1,72.0,18
173,Charles Clay,BUF,TE,26,13,13,0,0,0,0,0,0,0,,0,77.0,51,528,10.35,3,71.0,20
174,Ladarius Green,SDG,TE,25,13,11,0,0,0,0,0,0,0,,0,63.0,37,429,11.59,4,71.0,19
175,Ryan Mallett,2TM,QB,27,8,6,136,244,1336,5,6,5,15,3.0,1,0.0,0,0,,0,71.0,36
176,Robert Woods,BUF,WR,23,14,9,0,0,0,0,0,1,0,0.0,0,80.0,47,552,11.74,3,71.0,66
177,Owen Daniels,DEN,TE,33,16,16,0,0,0,0,0,0,0,,0,77.0,46,517,11.24,3,70.0,21
178,Carlos Hyde,SFO,RB,25,7,7,0,0,0,0,0,115,470,4.09,3,15.0,11,53,4.82,0,70.0,54
179,Marshawn Lynch,SEA,RB,29,7,6,0,0,0,0,0,111,417,3.76,3,21.0,13,80,6.15,0,70.0,55
180,Coby Fleener,IND,WR,27,16,11,0,0,0,0,0,0,0,,0,84.0,54,491,9.09,3,69.0,68
181,DeVante Parker,MIA,WR,22,15,4,0,0,0,0,0,0,0,,0,50.0,26,494,19.0,3,69.0,67
182,Jerricho Cotchery,CAR,WR,33,14,3,0,0,0,0,0,1,16,16.0,0,54.0,39,485,12.44,3,68.0,69
183,Steve Johnson,SDG,WR,29,10,8,0,0,0,0,0,0,0,,0,65.0,45,497,11.04,3,68.0,71
184,Heath Miller,PIT,TE,33,15,15,0,0,0,0,0,1,2,2.0,0,81.0,60,535,8.92,2,68.0,22
185,Cecil Shorts,HOU,WR,28,11,4,1,1,21,1,0,10,47,4.7,0,75.0,42,484,11.52,2,68.0,70
186,Matt Cassel,2TM,QB,33,10,8,119,204,1276,5,7,15,78,5.2,0,0.0,0,0,,0,67.0,37
187,Mike Tolbert*+,CAR,RB,30,16,3,0,0,0,0,0,62,256,4.13,1,23.0,18,154,8.56,3,67.0,56
188,Brandon Weeden,2TM,QB,32,6,4,97,140,1043,5,2,16,47,2.94,1,0.0,0,0,,0,66.0,38
189,Crockett Gillmore,BAL,TE,24,10,10,0,0,0,0,0,0,0,,0,47.0,33,412,12.48,4,65.0,23
190,Dwayne Harris,NYG,RB,28,15,6,0,0,0,0,0,2,12,6.0,0,57.0,36,396,11.0,4,65.0,57
191,Dontrelle Inman,SDG,WR,26,14,7,0,0,0,0,0,0,0,,0,63.0,35,486,13.89,3,65.0,72
192,Brian Hartline,CLE,WR,29,12,4,0,0,0,0,0,0,0,,0,77.0,46,523,11.37,2,64.0,73
193,Joseph Randle,DAL,RB,24,6,6,0,0,0,0,0,76,315,4.14,4,10.0,10,86,8.6,0,64.0,58
194,Martellus Bennett,CHI,TE,28,11,11,0,0,0,0,0,0,0,,0,80.0,53,439,8.28,3,62.0,24
195,Jonathan Grimes,HOU,RB,26,14,0,0,1,0,0,0,56,282,5.04,1,31.0,26,173,6.65,1,62.0,60
196,Jerick McKinnon,MIN,RB,23,16,0,0,0,0,0,0,52,271,5.21,2,29.0,21,173,8.24,1,62.0,59
197,Kenny Stills,MIA,WR,23,16,8,0,0,0,0,0,0,0,,0,63.0,27,440,16.3,3,62.0,75
198,Will Tye,NYG,WR,24,13,7,0,0,0,0,0,0,0,,0,62.0,42,464,11.05,3,62.0,74
199,Dexter McCluster,TEN,WR,26,11,2,0,0,0,0,0,55,247,4.49,1,41.0,31,260,8.39,1,61.0,76
200,Kendall Wright,TEN,WR,26,10,9,0,0,0,0,0,5,17,3.4,0,60.0,36,408,11.33,3,61.0,77
201,Andre Ellington,ARI,RB,26,10,3,0,0,0,0,0,45,289,6.42,3,24.0,15,148,9.87,0,60.0,61
202,Mike Wallace,MIN,WR,29,16,12,0,0,0,0,0,1,6,6.0,0,72.0,39,473,12.13,2,60.0,78
203,Albert Wilson,KAN,WR,23,14,12,0,0,0,0,0,5,26,5.2,0,57.0,35,451,12.89,2,60.0,79
204,Mohamed Sanu,CIN,WR,26,16,4,0,0,0,0,0,10,71,7.1,2,49.0,33,394,11.94,0,59.0,80
205,Davante Adams,GNB,WR,23,13,12,0,0,0,0,0,0,0,,0,94.0,50,483,9.66,1,58.0,81
206,Dez Bryant,DAL,WR,27,9,9,0,0,0,0,0,0,0,,0,72.0,31,401,12.94,3,58.0,82
207,Brent Celek,PHI,TE,30,16,13,0,0,0,0,0,0,0,,0,35.0,27,398,14.74,3,58.0,25
208,Chris Hogan,BUF,WR,27,16,4,1,1,4,0,0,1,4,4.0,0,59.0,36,450,12.5,2,58.0,83
209,Austin Seferian-Jenkins,TAM,TE,23,7,3,0,0,0,0,0,0,0,,0,39.0,21,338,16.1,4,58.0,26
210,Chris Thompson,WAS,RB,25,13,0,0,0,0,0,0,35,216,6.17,0,48.0,35,240,6.86,2,58.0,62
211,Jordan Cameron,MIA,TE,27,16,16,0,0,0,0,0,0,0,,0,70.0,35,386,11.03,3,57.0,27
212,Brandon Coleman,NOR,WR,23,16,4,0,0,0,0,0,0,0,,0,49.0,30,454,15.13,2,57.0,84
213,Roddy White,ATL,WR,34,16,16,0,0,0,0,0,0,0,,0,70.0,43,506,11.77,1,57.0,85
214,Kyle Juszczyk,BAL,RB,24,16,11,0,0,0,0,0,2,3,1.5,0,56.0,41,321,7.83,4,56.0,63
215,Lance Moore,DET,WR,32,14,8,0,0,0,0,0,0,0,,0,43.0,29,337,11.62,4,56.0,86
216,Chris Polk,HOU,RB,26,15,2,0,0,0,0,0,99,334,3.37,1,28.0,16,109,6.81,1,56.0,64
217,Arian Foster,HOU,RB,29,4,4,0,0,0,0,0,63,163,2.59,1,28.0,22,227,10.32,2,55.0,65
218,A.J. McCarron,CIN,QB,25,7,3,79,119,854,6,2,14,31,2.21,0,0.0,0,0,,0,55.0,39
219,Khiry Robinson,NOR,RB,26,8,0,0,0,0,0,0,56,180,3.21,4,20.0,17,115,6.76,0,54.0,66
220,Clive Walford,OAK,TE,24,16,2,0,0,0,0,0,0,0,,0,50.0,28,329,11.75,3,53.0,28
221,Brandon LaFell,NWE,WR,29,11,7,0,0,0,0,0,2,9,4.5,0,74.0,37,515,13.92,0,52.0,88
222,Marquess Wilson,CHI,WR,23,11,6,0,0,0,0,0,0,0,,0,51.0,28,464,16.57,1,52.0,87
223,Brandon Bolden,NWE,RB,25,15,2,0,0,0,0,0,63,207,3.29,0,30.0,19,180,9.47,2,51.0,68
224,Harry Douglas,TEN,WR,31,14,12,0,0,0,0,0,1,-6,-6.0,0,72.0,36,411,11.42,2,51.0,91
225,Shaun Draughn,2TM,RB,28,11,6,0,0,0,0,0,78,273,3.5,1,35.0,27,176,6.52,0,51.0,67
226,Leonard Hankerson,3TM,WR,27,10,0,0,0,0,0,0,0,0,,0,46.0,26,327,12.58,3,51.0,89
227,Vance McDonald,SFO,WR,25,14,11,0,0,0,0,0,0,0,,0,46.0,30,326,10.87,3,51.0,90
228,Scott Chandler,NWE,TE,30,15,4,0,0,0,0,0,0,0,,0,42.0,23,259,11.26,4,50.0,29
229,Darren Fells,ARI,TE,29,14,12,0,0,0,0,0,0,0,,0,28.0,21,311,14.81,3,49.0,30
230,Josh Huff,PHI,WR,24,15,4,0,0,0,0,0,0,0,,0,42.0,27,312,11.56,3,49.0,92
231,Marcel Reece,OAK,RB,30,15,7,0,0,0,0,0,10,36,3.6,0,37.0,30,269,8.97,3,49.0,69
232,Jared Cook,STL,TE,28,16,12,0,0,0,0,0,0,0,,0,75.0,39,481,12.33,0,48.0,31
233,Cameron Brate,TAM,TE,24,14,4,0,0,0,0,0,0,0,,0,30.0,23,288,12.52,3,47.0,32
234,Denard Robinson,JAX,WR,25,13,3,0,0,0,0,0,67,266,3.97,1,30.0,21,164,7.81,0,47.0,93
235,C.J. Spiller,NOR,RB,28,13,2,0,0,0,0,0,36,112,3.11,0,44.0,34,239,7.03,2,47.0,70
236,Mike Gillislee,BUF,RB,25,5,1,0,0,0,0,0,47,267,5.68,3,7.0,6,29,4.83,0,46.0,72
237,Fred Jackson,SEA,RB,34,16,0,0,0,0,0,0,26,100,3.85,0,41.0,32,257,8.03,2,46.0,71
238,Quinton Patton,SFO,WR,25,16,4,0,0,0,0,0,1,5,5.0,0,57.0,30,394,13.13,1,46.0,94
239,Riley Cooper,PHI,WR,28,16,13,0,0,0,0,0,0,0,,0,41.0,21,327,15.57,2,45.0,97
240,Darrius Heyward-Bey,PIT,WR,28,16,4,0,0,0,0,0,0,0,,0,39.0,21,314,14.95,2,45.0,95
241,Jarius Wright,MIN,WR,26,16,3,0,0,0,0,0,1,29,29.0,0,50.0,34,442,13.0,0,45.0,96
242,Andre Holmes,OAK,WR,27,16,1,0,0,0,0,0,0,0,,0,33.0,14,201,14.36,4,44.0,98
243,Case Keenum,STL,QB,27,6,5,76,125,828,4,1,12,5,0.42,0,0.0,0,0,,0,44.0,41
244,Zach Mettenberger,TEN,QB,24,7,4,101,166,935,4,7,9,8,0.89,1,0.0,0,0,,0,44.0,40
245,Anthony Fasano,TEN,TE,31,16,11,0,0,0,0,0,0,0,,0,42.0,26,289,11.12,2,43.0,33
246,Chris Givens,2TM,WR,26,15,6,0,0,0,0,0,4,18,4.5,0,54.0,20,353,17.65,1,43.0,99
247,Bishop Sankey,TEN,RB,23,13,3,0,0,0,0,0,47,193,4.11,1,22.0,14,139,9.93,1,43.0,73
248,Bryan Walters,JAX,WR,28,11,1,0,1,0,0,0,0,0,,0,45.0,32,368,11.5,1,43.0,100
249,JJ Nelson,ARI,WR,23,11,2,0,0,0,0,0,1,0,0.0,0,27.0,11,299,27.18,2,42.0,101
250,Tevin Coleman,ATL,RB,22,12,3,0,0,0,0,0,87,392,4.51,1,11.0,2,14,7.0,0,41.0,74
251,Tony Romo,DAL,QB,35,4,4,83,121,884,5,7,4,13,3.25,0,0.0,0,0,,0,41.0,42
252,Vernon Davis,2TM,TE,31,15,9,0,0,0,0,0,0,0,,0,58.0,38,395,10.39,0,40.0,34
253,Benny Cunningham,STL,RB,25,16,1,0,0,0,0,0,37,140,3.78,0,36.0,26,250,9.62,0,39.0,75
254,Ryan Grant,WAS,WR,25,16,5,0,0,0,0,0,0,0,,0,42.0,23,268,11.65,2,39.0,102
255,EJ Manuel,BUF,QB,25,7,2,52,84,561,3,3,17,64,3.76,1,0.0,0,0,,0,39.0,43
256,Donald Brown,SDG,RB,28,9,2,0,0,0,0,0,59,229,3.88,1,13.0,8,88,11.0,0,38.0,76
257,Keshawn Martin,NWE,WR,25,9,8,0,0,0,0,0,1,6,6.0,0,37.0,24,269,11.21,2,38.0,103
258,Garrett Celek,SFO,TE,27,11,8,0,0,0,0,0,0,0,,0,28.0,19,186,9.79,3,37.0,36
259,Ryan Griffin,HOU,TE,25,9,4,0,0,0,0,0,0,0,,0,34.0,20,251,12.55,2,37.0,35
260,Lance Kendricks,STL,TE,27,15,12,0,0,0,0,0,0,0,,0,36.0,25,245,9.8,2,37.0,37
261,Jay Ajayi,MIA,RB,22,9,0,0,0,0,0,0,49,187,3.82,1,11.0,7,90,12.86,0,36.0,77
262,Jeremy Butler,BAL,WR,24,8,0,0,0,0,0,0,0,0,,0,44.0,31,363,11.71,0,36.0,104
263,Percy Harvin,BUF,WR,27,5,5,0,0,0,0,0,5,31,6.2,0,30.0,19,218,11.47,1,35.0,105
264,Josh Bellamy,CHI,WR,26,16,3,0,0,0,0,0,0,0,,0,34.0,19,224,11.79,2,34.0,106
265,Ka'Deem Carey,CHI,RB,23,10,1,0,0,0,0,0,43,159,3.7,2,3.0,3,19,6.33,1,34.0,79
266,Larry Donnell,NYG,TE,27,8,8,0,0,0,0,0,0,0,,0,41.0,29,223,7.69,2,34.0,38
267,Adam Humphries,TAM,WR,22,13,0,0,0,0,0,0,0,0,,0,40.0,27,260,9.63,1,34.0,108
268,Tre Mason,STL,RB,22,13,3,0,0,0,0,0,75,207,2.76,1,25.0,18,88,4.89,0,34.0,80
269,Mychal Rivera,OAK,TE,25,16,0,0,0,0,0,0,0,0,,0,46.0,32,280,8.75,1,34.0,39
270,Jaelen Strong,HOU,WR,21,10,1,0,0,0,0,0,0,0,,0,24.0,14,161,11.5,3,34.0,107
271,Andre Williams,NYG,RB,23,16,0,0,0,0,0,0,88,257,2.92,1,3.0,1,7,7.0,0,34.0,78
272,Ahmad Bradshaw,IND,RB,29,6,0,0,0,0,0,0,31,85,2.74,0,14.0,10,64,6.4,3,33.0,81
273,Jimmy Clausen,2TM,QB,28,5,3,72,125,739,2,4,11,36,3.27,0,0.0,0,0,,0,33.0,44
274,Kellen Moore,DAL,QB,27,3,2,61,104,779,4,6,2,-1,-0.5,0,0.0,0,0,,0,33.0,45
275,Mark Sanchez,PHI,QB,29,4,2,59,91,616,4,4,6,22,3.67,0,0.0,0,0,,0,33.0,46
276,Maxx Williams,BAL,TE,21,14,7,0,0,0,0,0,0,0,,0,48.0,32,268,8.38,1,33.0,40
277,Nelson Agholor,PHI,WR,22,13,12,0,0,0,0,0,0,0,,0,44.0,23,283,12.3,1,32.0,110
278,Quincy Enunwa,NYJ,WR,23,12,6,0,0,0,0,0,0,0,,0,46.0,22,315,14.32,0,32.0,111
279,Justin Hunter,TEN,WR,24,9,5,0,0,0,0,0,0,0,,0,31.0,22,264,12.0,1,32.0,109
280,Michael Vick,PIT,QB,35,5,3,40,66,371,2,1,20,99,4.95,0,0.0,0,0,,0,31.0,47
281,Cameron Artis-Payne,CAR,RB,25,7,0,0,0,0,0,0,45,183,4.07,1,5.0,5,58,11.6,0,30.0,82
282,Marc Mariani,CHI,WR,28,16,5,0,0,0,0,0,0,0,,0,33.0,22,300,13.64,0,30.0,112
283,Eddie Royal,CHI,WR,29,9,9,0,0,0,0,0,1,-1,-1.0,0,50.0,37,238,6.43,1,30.0,113
284,Marqise Lee,JAX,WR,24,10,1,0,0,0,0,0,5,38,7.6,0,32.0,15,191,12.73,1,29.0,114
285,Zach Line,MIN,RB,25,16,5,0,0,0,0,0,6,10,1.67,2,9.0,6,95,15.83,1,29.0,83
286,Matt Schaub,BAL,QB,34,2,2,52,80,540,3,4,4,10,2.5,0,0.0,0,0,,0,29.0,48
287,Miles Austin,PHI,WR,31,11,1,0,0,0,0,0,0,0,,0,31.0,13,224,17.23,1,28.0,115
288,Travaris Cadet,3TM,RB,26,7,1,0,1,0,0,0,11,28,2.55,0,22.0,17,214,12.59,1,28.0,85
289,Phillip Dorsett,IND,WR,22,11,0,0,0,0,0,0,3,17,5.67,0,39.0,18,225,12.5,1,28.0,116
290,Lance Dunbar,DAL,RB,25,4,0,0,0,0,0,0,5,67,13.4,0,23.0,21,215,10.24,0,28.0,84
291,Jermaine Gresham,ARI,TE,27,15,12,0,0,0,0,0,0,0,,0,32.0,18,223,12.39,1,28.0,41
292,Andrew Hawkins,CLE,WR,29,8,8,0,0,0,0,0,0,0,,0,43.0,27,276,10.22,0,28.0,118
293,Robert Turbin,2TM,RB,26,10,0,0,0,0,0,0,50,199,3.98,1,10.0,7,23,3.29,0,28.0,86
294,Nick Williams,ATL,WR,25,14,0,0,0,0,0,0,0,0,,0,25.0,17,159,9.35,2,28.0,117
295,DuJuan Harris,2TM,RB,27,4,1,0,0,0,0,0,48,189,3.94,0,14.0,9,97,10.78,0,27.0,87
296,Greg Jennings,MIA,WR,32,16,5,0,0,0,0,0,0,0,,0,36.0,19,208,10.95,1,27.0,122
297,Jeremy Kerley,NYJ,WR,27,16,1,0,0,0,0,0,0,0,,0,26.0,16,152,9.5,2,27.0,120
298,Ty Montgomery,GNB,WR,22,6,3,0,0,0,0,0,3,14,4.67,0,19.0,15,136,9.07,2,27.0,121
299,De'Anthony Thomas,KAN,WR,22,10,1,0,0,0,0,0,9,34,3.78,1,25.0,17,140,8.24,1,27.0,119
300,Luke Willson,SEA,TE,25,14,7,0,0,0,0,0,0,0,,0,26.0,17,213,12.53,1,27.0,42
301,Brice Butler,DAL,WR,25,7,2,0,0,0,0,0,0,0,,0,26.0,12,258,21.5,0,26.0,124
302,Chris Conley,KAN,WR,23,16,5,0,0,0,0,0,0,0,,0,31.0,17,199,11.71,1,26.0,123
303,Christine Michael,2TM,RB,25,8,2,0,0,0,0,0,54,243,4.5,0,6.0,3,16,5.33,0,26.0,88
304,Jonas Gray,2TM,RB,25,8,0,0,0,0,0,0,45,176,3.91,0,8.0,7,76,10.86,0,25.0,90
305,Jamize Olawale,OAK,RB,26,14,3,0,0,0,0,0,24,110,4.58,1,11.0,9,84,9.33,0,25.0,89
306,Matt Asiata,MIN,RB,28,16,0,0,0,0,0,0,29,112,3.86,0,22.0,19,132,6.95,0,24.0,92
307,Stedman Bailey,STL,WR,25,8,3,0,0,0,0,0,0,0,,0,25.0,12,182,15.17,1,24.0,126
308,Orleans Darkwa,NYG,RB,23,16,0,0,0,0,0,0,36,153,4.25,1,5.0,3,31,10.33,0,24.0,91
309,Ed Dickson,CAR,TE,28,16,11,0,0,0,0,0,0,0,,0,26.0,17,121,7.12,2,24.0,43
310,Taylor Gabriel,CLE,WR,24,13,4,0,0,0,0,0,0,0,,0,48.0,28,241,8.61,0,24.0,127
311,Josh Hill,NOR,TE,25,16,7,0,0,0,0,0,0,0,,0,30.0,16,120,7.5,2,24.0,45
312,Michael Hoomanawanui,2TM,TE,27,14,8,0,0,0,0,0,1,0,0.0,0,16.0,11,76,6.91,3,24.0,46
313,Landry Jones,PIT,QB,26,7,2,32,55,513,3,4,5,-5,-1.0,0,0.0,0,0,,0,24.0,49
314,Rashad Ross,WAS,WR,25,13,0,0,0,0,0,0,0,0,,0,13.0,8,184,23.0,1,24.0,125
315,Craig Stevens,TEN,TE,31,16,11,0,0,0,0,0,0,0,,0,16.0,12,121,10.08,2,24.0,44
316,Damien Williams,MIA,RB,23,16,0,0,0,0,0,0,16,59,3.69,0,28.0,21,142,6.76,1,24.0,93
317,Patrick DiMarco*,ATL,RB,26,16,8,0,0,0,0,0,1,0,0.0,0,17.0,13,110,8.46,2,23.0,95
318,Rashad Greene,JAX,WR,23,9,0,0,0,0,0,0,0,0,,0,35.0,19,93,4.89,2,23.0,128
319,Virgil Green,DEN,TE,27,16,5,0,0,0,0,0,0,0,,0,15.0,12,173,14.42,1,23.0,47
320,Clay Harbor,JAX,TE,28,15,3,0,0,0,0,0,0,0,,0,20.0,14,149,10.64,1,23.0,48
321,Marcedes Lewis,JAX,TE,31,16,16,0,0,0,0,0,0,0,,0,37.0,16,226,14.13,0,23.0,49
322,Adam Thielen,MIN,WR,25,16,2,0,0,0,0,0,4,89,22.25,0,18.0,12,144,12.0,0,23.0,129
323,Terron Ward,ATL,RB,23,13,0,0,0,0,0,0,29,95,3.28,1,13.0,9,73,8.11,0,23.0,96
324,Griff Whalen,IND,WR,25,14,0,0,0,0,0,0,0,0,,0,26.0,19,205,10.79,1,23.0,130
325,Fozzy Whittaker,CAR,RB,26,15,1,0,0,0,0,0,25,108,4.32,1,15.0,12,64,5.33,0,23.0,94
326,T.J. Yates,HOU,QB,28,4,2,28,57,370,3,1,6,0,0.0,0,0.0,0,0,,0,23.0,50
327,Bennie Fowler,DEN,WR,24,16,1,0,0,0,0,0,0,0,,0,25.0,16,203,12.69,0,22.0,131
328,Taiwan Jones,OAK,RB,27,12,0,0,0,0,0,0,16,74,4.63,0,9.0,7,106,15.14,1,22.0,98
329,Branden Oliver,SDG,RB,24,8,1,0,0,0,0,0,31,108,3.48,0,15.0,13,112,8.62,0,22.0,97
330,C.J. Fiedorowicz,HOU,TE,24,16,14,0,0,0,0,0,0,0,,0,24.0,17,167,9.82,1,21.0,50
331,Chris Matthews,2TM,WR,26,13,0,0,0,0,0,0,0,0,,0,25.0,13,151,11.62,1,21.0,132
332,Bruce Miller,SFO,RB,28,16,5,0,0,0,0,0,6,14,2.33,1,14.0,10,135,13.5,0,21.0,101
333,Jordan Norwood,DEN,WR,29,11,5,0,0,0,0,0,0,0,,0,32.0,22,207,9.41,0,21.0,133
334,Zac Stacy,NYJ,RB,24,8,0,0,0,0,0,0,31,89,2.87,1,12.0,9,65,7.22,0,21.0,99
335,Terrance West,2TM,RB,24,8,0,0,0,0,0,0,62,231,3.73,0,5.0,4,21,5.25,0,21.0,100
336,Jaron Brown,ARI,WR,25,16,0,0,0,0,0,0,0,0,,0,23.0,11,144,13.09,1,20.0,134
337,Andre Caldwell,DEN,WR,30,14,0,0,0,0,0,0,1,3,3.0,0,22.0,10,72,7.2,2,20.0,136
338,Derek Carrier,WAS,TE,25,12,12,0,0,0,0,0,0,0,,0,22.0,17,141,8.29,1,20.0,51
339,David Cobb,TEN,RB,22,7,1,0,0,0,0,0,52,146,2.81,1,2.0,1,-2,-2.0,0,20.0,103
340,Jalston Fowler,TEN,RB,25,16,0,0,0,0,0,0,7,13,1.86,1,6.0,5,44,8.8,1,20.0,105
341,John Kuhn*,GNB,RB,33,16,6,0,0,0,0,0,9,28,3.11,2,10.0,6,56,9.33,0,20.0,102
342,Louis Murphy,TAM,WR,28,6,1,0,0,0,0,0,0,0,,0,18.0,10,198,19.8,0,20.0,135
343,Geno Smith,NYJ,QB,25,1,0,27,42,265,2,1,2,34,17.0,0,0.0,0,0,,0,20.0,51
344,Kerwynn Williams,ARI,RB,24,6,0,0,0,0,0,0,27,142,5.26,1,2.0,2,16,8.0,0,20.0,104
345,Tim Wright,DET,TE,25,9,1,0,0,0,0,0,0,0,,0,16.0,9,77,8.56,2,20.0,52
346,Blake Bell,SFO,TE,24,14,5,0,0,0,0,0,0,0,,0,25.0,15,186,12.4,0,19.0,54
347,Austin Davis,CLE,QB,26,3,2,56,94,547,1,3,7,33,4.71,0,0.0,0,0,,0,19.0,52
348,Donteea Dye,TAM,WR,22,10,6,0,0,0,0,0,0,0,,0,30.0,11,132,12.0,1,19.0,138
349,Justin Hardy,ATL,WR,24,9,1,0,0,0,0,0,0,0,,0,36.0,21,194,9.24,0,19.0,137
350,Javontee Herndon,SDG,WR,24,8,2,0,0,0,0,0,1,13,13.0,0,33.0,24,195,8.13,0,19.0,139
351,Tyler Kroft,CIN,TE,23,16,6,0,0,0,0,0,0,0,,0,15.0,11,129,11.73,1,19.0,53
352,Rhett Ellison,MIN,TE,27,15,9,0,0,0,0,0,0,0,,0,19.0,11,124,11.27,1,18.0,55
353,Dwayne Allen,IND,TE,25,13,12,0,0,0,0,0,1,1,1.0,0,29.0,16,109,6.81,1,17.0,57
354,Nick Boyle,BAL,TE,22,11,2,0,0,0,0,0,0,0,,0,23.0,18,153,8.5,0,17.0,56
355,Roy Helu,OAK,RB,27,9,0,0,0,0,0,0,17,39,2.29,0,16.0,9,75,8.33,1,17.0,106
356,T.J. Jones,DET,WR,23,10,0,0,0,0,0,0,1,-3,-3.0,0,18.0,10,132,13.2,1,17.0,140
357,Dion Sims,MIA,TE,24,13,4,0,0,0,0,0,0,0,,0,25.0,18,127,7.06,1,17.0,58
358,Jake Stoneburner,MIA,TE,26,11,1,0,0,0,0,0,0,0,,0,5.0,5,47,9.4,2,17.0,59
359,Kenbrell Thompkins,NYJ,WR,27,7,2,0,0,0,0,0,0,0,,0,33.0,17,165,9.71,0,17.0,141
360,Knile Davis,KAN,RB,24,14,0,0,0,0,0,0,28,72,2.57,1,3.0,2,24,12.0,0,16.0,107
361,Justin Perillo,GNB,TE,24,9,0,0,0,0,0,0,0,0,,0,13.0,11,102,9.27,1,16.0,60
362,Devin Smith,NYJ,WR,23,10,3,0,0,0,0,0,0,0,,0,28.0,9,115,12.78,1,16.0,142
363,Anthony Dixon,BUF,RB,28,16,1,0,0,0,0,0,21,44,2.1,1,7.0,6,44,7.33,0,15.0,108
364,Chris Gragg,BUF,TE,25,13,4,0,0,0,0,0,0,0,,0,20.0,12,150,12.5,0,15.0,62
365,Troy Niklas,ARI,TE,23,16,3,0,0,0,0,0,0,0,,0,4.0,4,33,8.25,2,15.0,61
366,Devin Street,DAL,WR,24,14,2,0,0,0,0,0,0,0,,0,13.0,7,114,16.29,1,15.0,143
367,Pierre Thomas,2TM,RB,31,5,0,0,0,0,0,0,15,64,4.27,0,11.0,9,84,9.33,0,15.0,109
368,Myles White,NYG,WR,25,12,0,0,0,0,0,0,0,0,,0,20.0,7,88,12.57,1,15.0,145
369,Tyrell Williams,SDG,WR,23,4,0,0,0,0,0,0,0,0,,0,5.0,2,90,45.0,1,15.0,144
370,Jason Avant,KAN,WR,32,16,1,0,0,0,0,0,0,0,,0,24.0,15,119,7.93,0,14.0,149
371,Rex Burkhead,CIN,RB,25,16,0,0,0,0,0,0,4,4,1.0,0,15.0,10,94,9.4,1,14.0,110
372,Aaron Dobson,NWE,WR,24,8,3,0,0,0,0,0,0,0,,0,21.0,13,141,10.85,0,14.0,146
373,Bruce Ellington,SFO,WR,24,13,0,0,0,0,0,0,1,7,7.0,0,19.0,13,153,11.77,0,14.0,148
374,Akeem Hunt,HOU,RB,22,7,1,0,0,0,0,0,17,96,5.65,0,10.0,6,39,6.5,0,14.0,112
375,Jesse James,PIT,TE,21,8,2,0,0,0,0,0,0,0,,0,11.0,8,56,7.0,1,14.0,63
376,Marlon Moore,CLE,WR,28,14,2,0,0,0,0,0,0,0,,0,10.0,7,81,11.57,1,14.0,147
377,Andre Roberts,WAS,WR,27,9,0,0,0,0,0,0,0,0,,0,21.0,11,135,12.27,0,14.0,150
378,Lorenzo Taliaferro,BAL,RB,24,3,0,0,0,0,0,0,13,47,3.62,1,5.0,5,29,5.8,0,14.0,111
379,Jared Abbrederis,GNB,WR,25,9,0,0,0,0,0,0,0,0,,0,16.0,9,111,12.33,0,13.0,151
380,Kenjon Barner,PHI,RB,25,11,0,0,0,0,0,0,28,124,4.43,0,12.0,9,22,2.44,0,13.0,116
381,Bryce Brown,SEA,RB,24,3,0,0,0,0,0,0,25,72,2.88,1,2.0,0,0,,0,13.0,113
382,Chase Coffman,2TM,TE,29,2,0,0,0,0,0,0,0,0,,0,11.0,8,71,8.88,1,13.0,66
383,Jack Doyle,IND,TE,25,16,2,0,0,0,0,0,0,0,,0,14.0,12,72,6.0,1,13.0,65
384,Demetrius Harris,KAN,TE,24,16,9,0,0,0,0,0,0,0,,0,11.0,7,74,10.57,1,13.0,64
385,Cooper Helfet,SEA,TE,26,13,2,0,0,0,0,0,0,0,,0,22.0,13,130,10.0,0,13.0,68
386,Dan Herron,2TM,RB,26,10,0,0,0,0,0,0,25,79,3.16,0,10.0,9,47,5.22,0,13.0,115
387,Steven Jackson,NWE,RB,32,2,1,0,0,0,0,0,21,50,2.38,1,1.0,1,20,20.0,0,13.0,114
388,Charles Johnson,MIN,WR,26,11,4,0,0,0,0,0,0,0,,0,13.0,9,127,14.11,0,13.0,154
389,Ricardo Lockette,SEA,WR,29,8,0,0,0,0,0,0,0,0,,0,7.0,4,69,17.25,1,13.0,153
390,Luke McCown,NOR,QB,34,8,1,32,39,335,0,1,0,0,,0,0.0,0,0,,0,13.0,53
391,Keith Mumphery,HOU,WR,23,16,3,0,0,0,0,0,0,0,,0,32.0,14,129,9.21,0,13.0,152
392,Brandon Myers,TAM,TE,30,11,6,0,0,0,0,0,0,0,,0,17.0,12,127,10.58,0,13.0,71
393,Brandon Pettigrew,DET,TE,30,8,8,0,0,0,0,0,0,0,,0,15.0,7,67,9.57,1,13.0,70
394,John Phillips,SDG,TE,28,16,5,0,0,0,0,0,0,0,,0,11.0,10,69,6.9,1,13.0,69
395,Lee Smith,OAK,TE,28,15,15,0,0,0,0,0,0,0,,0,13.0,12,70,5.83,1,13.0,67
396,Marcus Easley,BUF,WR,28,13,0,0,0,0,0,0,0,0,,0,3.0,1,58,58.0,1,12.0,158
397,Darius Jennings,CLE,WR,23,4,1,0,0,0,0,0,0,0,,0,21.0,14,117,8.36,0,12.0,159
398,Cody Latimer,DEN,WR,23,14,1,0,0,0,0,0,2,1,0.5,0,11.0,6,59,9.83,1,12.0,155
399,Matt McGloin,OAK,QB,26,2,0,23,32,142,2,1,0,0,,0,0.0,0,0,,0,12.0,54
400,Cameron Meredith,CHI,WR,23,11,0,0,0,0,0,0,0,0,,0,16.0,11,120,10.91,0,12.0,156
401,Tony Moeaki,ATL,TE,28,10,0,0,0,0,0,0,0,0,,0,5.0,3,58,19.33,1,12.0,73
402,Luke Stocker,TAM,TE,27,14,13,0,0,0,0,0,0,0,,0,13.0,9,61,6.78,1,12.0,72
403,Brandon Tate,CIN,WR,28,16,0,0,0,0,0,0,0,0,,0,3.0,2,59,29.5,1,12.0,157
404,Marlon Brown,BAL,WR,24,10,2,0,0,0,0,0,0,0,,0,30.0,14,112,8.0,0,11.0,161
405,Michael Campanaro,BAL,WR,24,4,0,0,0,0,0,0,2,17,8.5,1,6.0,5,35,7.0,0,11.0,162
406,Kendall Gaskins,SFO,RB,25,9,0,0,0,0,0,0,16,38,2.38,0,10.0,8,69,8.63,0,11.0,118
407,Russell Shepard,TAM,WR,25,13,2,0,0,0,0,0,0,0,,0,9.0,3,28,9.33,1,11.0,163
408,Jerome Simpson,SFO,WR,29,5,1,0,0,0,0,0,0,0,,0,19.0,5,54,10.8,1,11.0,160
409,Will Tukuafu,SEA,RB,31,14,1,0,0,0,0,0,4,1,0.25,1,1.0,1,7,7.0,1,11.0,117
410,Brenton Bersin,CAR,WR,25,9,2,0,0,0,0,0,0,0,,0,11.0,9,119,13.22,0,10.0,167
411,Michael Burton,DET,TE,23,16,7,0,0,0,0,0,4,2,0.5,0,6.0,6,39,6.5,1,10.0,75
412,Mike Davis,SFO,RB,22,6,0,0,0,0,0,0,35,58,1.66,0,13.0,7,38,5.43,0,10.0,122
413,Gavin Escobar,DAL,TE,24,14,4,0,0,0,0,0,0,0,,0,13.0,8,64,8.0,1,10.0,74
414,Josh Freeman,IND,QB,27,1,1,15,28,149,1,1,8,24,3.0,0,0.0,0,0,,0,10.0,55
415,Ryan Hewitt,CIN,TE,24,15,12,0,0,0,0,0,0,0,,0,12.0,8,99,12.38,0,10.0,76
416,Austin Johnson,NOR,RB,26,10,1,0,0,0,0,0,4,9,2.25,1,8.0,5,30,6.0,0,10.0,121
417,Will Johnson,PIT,RB,26,16,4,0,0,0,0,0,4,7,1.75,1,4.0,2,16,8.0,0,10.0,119
418,Dan Orlovsky,DET,QB,32,3,0,22,40,201,1,1,0,0,,0,0.0,0,0,,0,10.0,56
419,Brian Quick,STL,WR,26,13,3,0,0,0,0,0,0,0,,0,32.0,10,102,10.2,0,10.0,166
420,Juwan Thompson,DEN,RB,21,15,1,0,0,0,0,0,18,48,2.67,0,9.0,6,51,8.5,0,10.0,120
421,Wes Welker,STL,WR,34,8,0,0,0,0,0,0,0,0,,0,22.0,13,102,7.85,0,10.0,165
422,Lucky Whitehead,DAL,WR,23,15,1,0,0,0,0,0,10,107,10.7,0,8.0,6,16,2.67,0,10.0,164
423,Garrett Graham,HOU,RB,29,8,2,0,0,0,0,0,0,0,,0,19.0,4,30,7.5,1,9.0,123
424,Colt McCoy,WAS,QB,29,1,0,7,11,128,1,0,3,-3,-1.0,0,0.0,0,0,,0,9.0,57
425,James O'Shaughnessy,KAN,TE,23,7,3,0,0,0,0,0,0,0,,0,9.0,6,87,14.5,0,9.0,78
426,MyCole Pruitt,MIN,TE,23,16,3,0,0,0,0,0,0,0,,0,16.0,10,89,8.9,0,9.0,77
427,Stevan Ridley,NYJ,RB,26,9,1,0,0,0,0,0,36,90,2.5,0,5.0,4,-2,-0.5,0,9.0,124
428,Jeff Cumberland,NYJ,TE,28,15,6,0,0,0,0,0,0,0,,0,14.0,5,77,15.4,0,8.0,81
429,Kellen Davis,NYJ,TE,30,16,9,0,0,0,0,0,0,0,,0,11.0,3,18,6.0,1,8.0,80
430,James Hanna,DAL,TE,26,14,7,0,0,0,0,0,0,0,,0,14.0,9,79,8.78,0,8.0,79
431,Jeff Janis,GNB,WR,24,16,0,0,0,0,0,0,0,0,,0,12.0,2,79,39.5,0,8.0,170
432,Tre McBride,TEN,WR,23,7,0,0,0,0,0,0,1,8,8.0,0,4.0,2,8,4.0,1,8.0,171
433,Chris Owusu,NYJ,WR,25,3,2,0,0,0,0,0,0,0,,0,13.0,6,80,13.33,0,8.0,169
434,Alex Tanney,TEN,QB,28,1,0,10,14,99,1,0,0,0,,0,0.0,0,0,,0,8.0,58
435,Deonte Thompson,CHI,WR,26,7,0,0,0,0,0,0,0,0,,0,3.0,2,81,40.5,0,8.0,168
436,Zurlon Tipton,IND,RB,25,10,0,0,0,0,0,0,5,20,4.0,0,8.0,5,57,11.4,0,8.0,125
437,Toby Gerhart,JAX,RB,28,7,1,0,0,0,0,0,20,44,2.2,0,5.0,3,23,7.67,0,7.0,127
438,Bradley Marquez,STL,WR,23,16,1,0,0,0,0,0,0,0,,0,22.0,13,88,6.77,0,7.0,172
439,Ryan Nassib,NYG,QB,25,1,0,5,5,68,1,0,0,0,,0,0.0,0,0,,0,7.0,59
440,Zach Zenner,DET,RB,24,6,1,0,0,0,0,0,17,60,3.53,0,3.0,2,11,5.5,0,7.0,126
441,Tommy Bohanon,NYJ,RB,25,16,4,0,0,0,0,0,2,2,1.0,0,8.0,4,56,14.0,0,6.0,132
442,Daniel Brown,BAL,WR,23,6,1,0,0,0,0,0,0,0,,0,11.0,6,64,10.67,0,6.0,173
443,Kellen Clemens,SDG,QB,32,2,0,5,6,63,1,0,1,-1,-1.0,0,0.0,0,0,,0,6.0,60
444,Jerome Cunningham,NYG,RB,24,9,3,0,0,0,0,0,0,0,,0,16.0,8,59,7.38,0,6.0,131
445,Jim Dray,CLE,TE,29,16,10,0,0,0,0,0,0,0,,0,16.0,6,61,10.17,0,6.0,83
446,Daniel Fells,NYG,TE,32,2,1,0,0,0,0,0,0,0,,0,7.0,6,60,10.0,0,6.0,84
447,Corey Fuller,DET,WR,25,12,0,0,0,0,0,0,0,0,,0,9.0,4,76,19.0,0,6.0,175
448,Jarryd Hayne,SFO,RB,27,8,1,0,0,0,0,0,17,52,3.06,0,7.0,6,27,4.5,0,6.0,130
449,Ryan Lindley,IND,QB,26,1,0,6,10,58,1,0,0,0,,0,0.0,0,0,,0,6.0,61
450,Kevin Smith,SEA,WR,24,7,1,0,0,0,0,0,0,0,,0,5.0,3,43,14.33,0,6.0,174
451,Stepfan Taylor,ARI,RB,24,16,0,0,0,0,0,0,17,58,3.41,0,3.0,1,4,4.0,0,6.0,128
452,Levine Toilolo,ATL,TE,24,16,15,0,0,0,0,0,0,0,,0,12.0,7,44,6.29,0,6.0,82
453,Fitzgerald Toussaint,PIT,RB,25,5,0,0,0,0,0,0,18,42,2.33,0,0.0,0,0,,0,6.0,129
454,Dwayne Bowe,CLE,WR,31,7,0,0,0,0,0,0,0,0,,0,13.0,5,53,10.6,0,5.0,177
455,Trey Burton,PHI,TE,24,16,0,0,0,0,0,0,0,0,,0,4.0,3,54,18.0,0,5.0,85
456,Reggie Bush,SFO,RB,30,5,1,0,0,0,0,0,8,28,3.5,0,10.0,4,19,4.75,0,5.0,137
457,Joey Iosefa,NWE,RB,24,2,0,0,0,0,0,0,15,51,3.4,0,0.0,0,0,,0,5.0,136
458,Hakeem Nicks,NYG,WR,27,6,2,0,0,0,0,0,0,0,,0,14.0,7,54,7.71,0,5.0,176
459,Josh Robinson,IND,RB,23,5,0,0,0,0,0,0,17,39,2.29,0,6.0,6,33,5.5,0,5.0,134
460,Jacquizz Rodgers,CHI,RB,25,5,0,0,0,0,0,0,14,41,2.93,0,3.0,1,10,10.0,0,5.0,135
461,Anthony Sherman,KAN,RB,27,16,2,0,0,0,0,0,1,0,0.0,0,5.0,4,34,8.5,0,5.0,133
462,Nick O'Leary,BUF,TE,23,4,0,0,0,0,0,0,0,0,,0,3.0,1,37,37.0,0,4.0,86
463,Preston Parker,NYG,WR,28,2,1,0,0,0,0,0,0,0,,0,12.0,5,43,8.6,0,4.0,178
464,Terrelle Pryor,CLE,WR,26,3,2,0,0,0,0,0,1,-1,-1.0,0,8.0,1,42,42.0,0,4.0,179
465,Paul Richardson,SEA,WR,23,1,0,0,0,0,0,0,0,0,,0,1.0,1,40,40.0,0,4.0,181
466,Greg Salas,BUF,WR,27,2,0,0,0,0,0,0,0,0,,0,5.0,3,41,13.67,0,4.0,180
467,Charlie Whitehurst,2TM,QB,33,5,0,16,32,150,0,1,2,1,0.5,0,0.0,0,0,,0,4.0,62
468,Derrick Coleman,SEA,RB,25,14,3,0,0,0,0,0,8,32,4.0,0,1.0,1,0,0.0,0,3.0,139
469,B.J. Daniels,2TM,QB,27,8,0,1,2,7,0,0,6,6,1.0,0,2.0,2,18,9.0,0,3.0,63
470,Jake Fisher,CIN,TE,22,14,1,0,0,0,0,0,0,0,,0,5.0,1,31,31.0,0,3.0,89
471,Cory Harkey,STL,RB,25,16,6,0,0,0,0,0,0,0,,0,6.0,5,26,5.2,0,3.0,141
472,Rob Housler,2TM,TE,27,10,0,0,0,0,0,0,0,0,,0,7.0,4,33,8.25,0,3.0,87
473,Jay Prosch,HOU,RB,23,16,2,0,0,0,0,0,6,33,5.5,0,1.0,0,0,,0,3.0,138
474,Andrew Quarless,GNB,TE,27,5,1,0,0,0,0,0,0,0,,0,5.0,4,31,7.75,0,3.0,88
475,Jeremy Ross,2TM,WR,27,11,0,0,0,0,0,0,1,2,2.0,0,14.0,9,88,9.78,0,3.0,182
476,Rod Streater,OAK,WR,27,1,0,0,0,0,0,0,0,0,,0,1.0,1,8,8.0,0,3.0,183
477,Andrew Turzilli,TEN,WR,24,3,0,0,0,0,0,0,0,0,,0,2.0,2,25,12.5,0,3.0,184
478,Michael Williams,NWE,TE,25,15,9,0,0,0,0,0,0,0,,0,6.0,3,26,8.67,0,3.0,90
479,Darrel Young,WAS,RB,28,16,3,0,0,0,0,0,6,10,1.67,0,6.0,6,22,3.67,0,3.0,140
480,Mario Alford,CIN,WR,23,1,0,0,0,0,0,0,0,0,,0,1.0,1,15,15.0,0,2.0,193
481,Malcolm Brown,STL,RB,22,1,0,0,0,0,0,0,4,17,4.25,0,1.0,1,-2,-2.0,0,2.0,149
482,Vincent Brown,SDG,WR,26,1,0,0,0,0,0,0,0,0,,0,2.0,1,22,22.0,0,2.0,187
483,John Crockett,GNB,RB,23,2,0,0,0,0,0,0,9,21,2.33,0,0.0,0,0,,0,2.0,143
484,Geremy Davis,NYG,WR,23,10,0,0,0,0,0,0,0,0,,0,3.0,2,21,10.5,0,2.0,188
485,Marquise Goodwin,BUF,WR,25,2,0,0,0,0,0,0,0,0,,0,2.0,2,24,12.0,0,2.0,185
486,T.J. Graham,NOR,WR,26,4,1,0,0,0,0,0,0,0,,0,4.0,4,24,6.0,0,2.0,186
487,Alonzo Harris,GNB,RB,23,6,0,0,0,0,0,0,4,19,4.75,0,1.0,0,0,,0,2.0,145
488,Malcolm Johnson,CLE,RB,23,12,5,0,0,0,0,0,0,0,,0,6.0,4,15,3.75,0,2.0,150
489,Matt LaCosse,NYG,TE,23,2,0,0,0,0,0,0,0,0,,0,3.0,3,22,7.33,0,2.0,91
490,Tyler Murphy,PIT,WR,23,2,0,0,0,0,0,0,0,0,,0,1.0,1,16,16.0,0,2.0,191
491,Roosevelt Nix,PIT,RB,23,15,4,0,0,0,0,0,0,0,,0,3.0,2,16,8.0,0,2.0,148
492,Bernard Pierce,JAX,RB,25,7,0,0,0,0,0,0,6,11,1.83,0,5.0,3,7,2.33,0,2.0,147
493,Aaron Ripkowski,GNB,RB,23,15,0,0,0,0,0,0,0,0,,0,1.0,1,18,18.0,0,2.0,146
494,Jordan Todman,PIT,RB,25,11,0,0,0,0,0,0,4,22,5.5,0,2.0,0,0,,0,2.0,142
495,Tyler Varga,IND,RB,22,3,0,0,0,0,0,0,1,2,2.0,0,2.0,1,18,18.0,0,2.0,144
496,Darren Waller,BAL,WR,23,6,1,0,0,0,0,0,0,0,,0,6.0,2,18,9.0,0,2.0,190
497,Eric Weems,ATL,WR,30,16,0,0,0,0,0,0,1,4,4.0,0,1.0,1,11,11.0,0,2.0,192
498,DeAndrew White,SFO,WR,24,4,0,0,0,0,0,0,0,0,,0,2.0,2,18,9.0,0,2.0,189
499,Derek Anderson,CAR,QB,32,3,0,4,6,36,0,0,7,-2,-0.29,0,0.0,0,0,,0,1.0,65
500,E.J. Bibbs,CLE,TE,24,7,0,0,0,0,0,0,0,0,,0,2.0,1,7,7.0,0,1.0,96
501,Sammie Coates,PIT,WR,22,7,0,0,0,0,0,0,0,0,,0,2.0,1,11,11.0,0,1.0,196
502,Ben Edwards,NYG,WR,23,2,0,0,0,0,0,0,0,0,,0,2.0,1,9,9.0,0,1.0,198
503,Jerome Felton,BUF,RB,29,16,8,0,0,0,0,0,1,2,2.0,0,2.0,1,12,12.0,0,1.0,151
504,Brittan Golden,ARI,WR,27,16,0,0,0,0,0,0,0,0,,0,1.0,1,5,5.0,0,1.0,202
505,Tarvaris Jackson,SEA,QB,32,4,0,4,6,37,0,0,8,-8,-1.0,0,0.0,0,0,,0,1.0,66
506,Nic Jacobs,JAX,TE,24,11,3,0,0,0,0,0,0,0,,0,3.0,1,6,6.0,0,1.0,98
507,Damaris Johnson,NWE,WR,26,1,0,0,0,0,0,0,1,6,6.0,0,0.0,0,0,,0,1.0,200
508,Jonathan Krause,PHI,WR,23,2,0,0,0,0,0,0,0,0,,0,4.0,2,11,5.5,0,1.0,197
509,Kendall Lamm,HOU,TE,23,15,4,0,0,0,0,0,0,0,,0,1.0,1,7,7.0,0,1.0,95
510,Jorvorskie Lane,TAM,RB,28,16,6,0,0,0,0,0,1,0,0.0,0,2.0,2,13,6.5,0,1.0,153
511,Khari Lee,CHI,TE,23,16,7,0,0,0,0,0,0,0,,0,3.0,1,7,7.0,0,1.0,97
512,Terrence Magee,BAL,RB,22,3,0,0,0,0,0,0,2,5,2.5,0,1.0,1,2,2.0,0,1.0,157
513,Sean Mannion,STL,QB,23,1,0,6,7,31,0,0,0,0,,0,0.0,0,0,,0,1.0,64
514,Brian Parker,KAN,TE,23,9,0,0,0,0,0,0,0,0,,0,2.0,1,6,6.0,0,1.0,99
515,Cordarrelle Patterson,MIN,WR,24,16,1,0,0,0,0,0,2,15,7.5,0,2.0,2,10,5.0,0,1.0,201
516,Bobby Rainey,TAM,RB,28,16,0,0,0,0,0,0,5,18,3.6,0,3.0,3,16,5.33,0,1.0,152
517,Scott Simonson,CAR,TE,23,9,0,0,0,0,0,0,0,0,,0,1.0,1,10,10.0,0,1.0,94
518,Antone Smith,CHI,RB,30,5,0,0,0,0,0,0,1,11,11.0,0,0.0,0,0,,0,1.0,156
519,Rod Smith,2TM,RB,23,11,0,0,0,0,0,0,2,5,2.5,0,2.0,1,6,6.0,0,1.0,155
520,Matt Spaeth,PIT,TE,32,13,7,0,0,0,0,0,0,0,,0,3.0,2,10,5.0,0,1.0,93
521,Phillip Supernaw,TEN,TE,25,16,1,0,0,0,0,0,0,0,,0,4.0,3,32,10.67,0,1.0,92
522,Tony Washington,JAX,WR,25,4,0,0,0,0,0,0,1,8,8.0,0,0.0,0,0,,0,1.0,199
523,Kasen Williams,SEA,WR,23,2,0,0,0,0,0,0,1,5,5.0,0,1.0,1,8,8.0,0,1.0,195
524,Trey Williams,IND,RB,23,2,0,0,0,0,0,0,2,12,6.0,0,0.0,0,0,,0,1.0,154
525,Chandler Worthy,HOU,WR,22,3,0,0,0,0,0,0,0,0,,0,4.0,3,14,4.67,0,1.0,194
526,Seyi Ajirotutu,PHI,WR,28,13,0,0,0,0,0,0,0,0,,0,3.0,1,4,4.0,0,,203
527,Dri Archer,PIT,,24,8,0,0,0,0,0,0,0,0,,0,0.0,0,0,,0,,211
528,Joe Banyard,JAX,,27,5,0,0,0,0,0,0,0,0,,0,0.0,0,0,,0,,163
529,Kapri Bibbs,DEN,,22,1,0,0,0,0,0,0,0,0,,0,0.0,0,0,,0,,161
530,Allen Bradford,ATL,,27,6,0,0,0,0,0,0,0,0,,0,0.0,0,0,,0,,165
531,Quan Bray,IND,,22,9,0,0,0,0,0,0,0,0,,0,0.0,0,0,,0,,208
532,James Casey,DEN,,31,3,0,0,0,0,0,0,0,0,,0,0.0,0,0,,0,,106
533,Kaelin Clay,BAL,,23,7,0,0,0,0,0,0,0,0,,0,0.0,0,0,,0,,215
534,Asante Cleveland,NWE,TE,23,4,1,0,0,0,0,0,0,0,,0,1.0,1,1,1.0,0,,104
535,Tyler Clutts,DAL,RB,31,16,5,0,0,0,0,0,0,0,,0,1.0,1,4,4.0,0,,158
536,Justice Cunningham,STL,,24,2,0,0,0,0,0,0,0,0,,0,0.0,0,0,,0,,116
537,Chase Daniel,KAN,QB,29,2,0,2,2,4,0,0,2,-2,-1.0,0,0.0,0,0,,0,,71
538,Anthony Denham,HOU,,24,1,0,0,0,0,0,0,0,0,,0,0.0,0,0,,0,,113
539,Jimmy Garoppolo,NWE,QB,24,5,0,1,4,6,0,0,5,-5,-1.0,0,0.0,0,0,,0,,75
540,Richard Gordon,DEN,,28,1,0,0,0,0,0,0,0,0,,0,0.0,0,0,,0,,111
541,Garrett Grayson,NOR,,24,1,0,0,0,0,0,0,0,0,,0,0.0,0,0,,0,,70
542,MarQueis Gray,BUF,TE,26,4,0,0,0,0,0,0,0,0,,0,1.0,1,2,2.0,0,,103
543,Saalim Hakim,KAN,,25,2,0,0,0,0,0,0,0,0,,0,0.0,0,0,,0,,209
544,Rannell Hall,CLE,,22,1,0,0,0,0,0,0,0,0,,0,0.0,0,0,,0,,214
545,Clark Harris,CIN,,31,16,0,0,0,0,0,0,0,0,,0,0.0,0,0,,0,,119
546,Matt Hazel,MIA,,23,5,1,0,0,0,0,0,0,0,,0,1.0,0,0,,0,,216
547,Mitchell Henry,DEN,,23,2,0,0,0,0,0,0,0,0,,0,,0,0,,0,,110
548,Shaun Hill,MIN,QB,35,3,0,2,7,15,0,0,4,-5,-1.25,0,0.0,0,0,,0,,68
549,Kendall Hunter,NOR,RB,27,2,0,0,0,0,0,0,1,2,2.0,0,0.0,0,0,,0,,159
550,LaMichael James,MIA,,26,1,0,0,0,0,0,0,0,0,,0,0.0,0,0,,0,,166
551,Marcel Jensen,WAS,,25,1,0,0,0,0,0,0,0,0,,0,0.0,0,0,,0,,115
552,Mike Leach,ARI,,39,16,0,0,0,0,0,0,0,0,,0,0.0,0,0,,0,,107
553,Brian Leonhardt,SFO,TE,25,4,0,0,0,0,0,0,0,0,,0,1.0,1,4,4.0,0,,101
554,Dezmin Lewis,BUF,,23,1,0,0,0,0,0,0,0,0,,0,0.0,0,0,,0,,210
555,Tony Lippett,MIA,,23,9,0,0,0,0,0,0,0,0,,0,0.0,0,0,,0,,213
556,Vince Mayle,DAL,,24,1,0,0,0,0,0,0,0,0,,0,1.0,0,0,,0,,217
557,Anthony McCoy,2TM,,28,8,3,0,0,0,0,0,0,0,,0,0.0,0,0,,0,,108
558,Matt Moore,MIA,QB,31,1,0,1,1,14,0,0,3,-2,-0.67,0,0.0,0,0,,0,,67
559,Matthew Mulligan,BUF,TE,30,12,5,0,0,0,0,0,0,0,,0,1.0,1,2,2.0,0,,102
560,Kevin Norwood,CAR,,26,1,0,0,0,0,0,0,0,0,,0,1.0,0,0,,0,,218
561,Toben Opurum,NOR,,25,2,0,0,0,0,0,0,0,0,,0,0.0,0,0,,0,,2
562,Bear Pascoe,DET,,29,3,0,0,0,0,0,0,0,0,,0,0.0,0,0,,0,,118
563,Cedric Peerman*,CIN,,29,16,0,0,0,0,0,0,0,0,,0,0.0,0,0,,0,,167
564,Walt Powell,BUF,,24,2,0,0,0,0,0,0,0,0,,0,0.0,0,0,,0,,205
565,Sean Renfree,ATL,QB,25,2,0,3,7,11,0,1,1,-4,-4.0,0,0.0,0,0,,0,,69
566,Rico Richardson,TEN,,24,5,0,0,0,0,0,0,0,0,,0,5.0,0,0,,0,,206
567,Wes Saxton,NYJ,,22,1,0,0,0,0,0,0,0,0,,0,0.0,0,0,,0,,112
568,Mickey Shuler,ATL,,29,1,0,0,0,0,0,0,0,0,,0,0.0,0,0,,0,,117
569,Trevor Siemian,DEN,QB,24,1,0,0,0,0,0,0,1,-1,-1.0,0,0.0,0,0,,0,,73
570,Matt Slater*,NWE,,30,16,0,0,0,0,0,0,0,0,,0,1.0,0,0,,0,,212
571,Alex Smith,WAS,,33,3,1,0,0,0,0,0,0,0,,0,2.0,0,0,,0,,105
572,Dreamius Smith,SDG,,23,1,0,0,0,0,0,0,0,0,,0,0.0,0,0,,0,,168
573,Nate Solder,NWE,,27,4,4,0,0,0,0,0,0,0,,0,0.0,0,0,,0,,109
574,Evan Spencer,TAM,,22,1,0,0,0,0,0,0,0,0,,0,0.0,0,0,,0,,207
575,Geoff Swaim,DAL,TE,22,4,1,0,0,0,0,0,0,0,,0,1.0,1,0,0.0,0,,114
576,Scott Tolzien,GNB,QB,28,3,0,1,1,4,0,0,3,-3,-1.0,0,0.0,0,0,,0,,74
577,Nick Toon,STL,,27,1,0,0,0,0,0,0,0,0,,0,0.0,0,0,,0,,204
578,C.J. Uzomah,CIN,TE,22,5,0,0,0,0,0,0,0,0,,0,1.0,1,4,4.0,0,,100
579,Trey Watts,STL,,24,1,0,0,0,0,0,0,0,0,,0,0.0,0,0,,0,,162
580,Joe Webb,CAR,QB,29,16,0,0,0,0,0,0,1,-1,-1.0,0,0.0,0,0,,0,,72
581,Brandon Wegher,CAR,,25,1,0,0,0,0,0,0,0,0,,0,0.0,0,0,,0,,164
582,Nikita Whitlock,NYG,,24,14,5,0,0,0,0,0,0,0,,0,0.0,0,0,,0,,1
583,Brandon Williams,2TM,,28,6,0,0,0,0,0,0,0,0,,0,0.0,0,0,,0,,120
584,George Winn,DET,RB,25,7,0,0,0,0,0,0,4,1,0.25,0,0.0,0,0,,0,,160
585,Cierre Wood,BUF,RB,24,2,0,0,0,0,0,0,2,3,1.5,0,1.0,1,-6,-6.0,0,,169
586,Corey Grant,JAX,RB,24,6,0,0,0,0,0,0,6,2,0.33,0,3.0,2,13,6.5,0,-1.0,170
587,Chris Harper,NWE,WR,22,5,0,0,0,0,0,0,0,0,,0,3.0,1,6,6.0,0,-1.0,219
588,David Johnson,SDG,TE,28,16,4,0,0,0,0,0,2,4,2.0,0,2.0,1,4,4.0,0,-1.0,121
589,Drew Stanton,ARI,QB,31,7,0,11,25,104,0,2,13,-13,-1.0,0,0.0,0,0,,0,-1.0,76
590,Frankie Hammond,KAN,,25,10,0,0,0,0,0,0,0,0,,0,0.0,0,0,,0,-2.0,220
591,Raheem Mostert,3TM,,23,11,0,0,0,0,0,0,0,0,,0,0.0,0,0,,0,-2.0,173
592,Marcus Murphy,NOR,RB,24,13,0,0,0,0,0,0,1,0,0.0,0,0.0,0,0,,0,-2.0,172
593,Isaiah Pead,STL,RB,26,2,0,0,0,0,0,0,2,3,1.5,0,0.0,0,0,,0,-2.0,171
594,Glenn Winston,CLE,RB,26,3,0,0,0,0,0,0,1,-8,-8.0,0,0.0,0,0,,0,-3.0,174
595,Marcus Thigpen,2TM,WR,29,9,0,0,0,0,0,0,1,-1,-1.0,0,0.0,0,0,,0,-4.0,221
