Rank,Name,Team,Age,G,GS,RushAtt,RushYds,Y/A,RushTD,FantPt,Year
1,Jamaal Charles*+,KAN,27.0,15,15.0,259,1287,4.97,12,308.0,2013
2,LeSean McCoy*+,PHI,25.0,16,16.0,314,1607,5.12,9,279.0,2013
3,Matt Forte*,CHI,28.0,16,16.0,289,1339,4.63,9,265.0,2013
4,Marshawn Lynch*,SEA,27.0,16,16.0,301,1257,4.18,12,239.0,2013
5,Knowshon Moreno,DEN,26.0,16,15.0,241,1038,4.31,10,237.0,2013
6,Eddie Lacy*,GNB,23.0,15,15.0,284,1178,4.15,11,208.0,2013
7,DeMarco Murray*,DAL,25.0,14,14.0,217,1121,5.17,9,205.0,2013
8,Adrian Peterson*,MIN,28.0,14,14.0,279,1266,4.54,10,204.0,2013
9,Chris Johnson,TEN,28.0,16,16.0,279,1077,3.86,6,198.0,2013
10,Fred Jackson,BUF,32.0,16,6.0,206,890,4.32,9,188.0,2013
11,Reggie Bush,DET,28.0,14,14.0,223,1006,4.51,4,185.0,2013
12,Ryan Mathews,SDG,26.0,16,14.0,285,1255,4.4,6,184.0,2013
13,Frank Gore*,SFO,30.0,16,16.0,276,1128,4.09,9,175.0,2013
14,Le'Veon Bell,PIT,21.0,13,13.0,244,860,3.52,8,172.0,2013
15,Alfred Morris*,WAS,25.0,16,16.0,276,1275,4.62,7,169.0,2013
16,Giovani Bernard,CIN,22.0,16,0.0,170,695,4.09,5,167.0,2013
17,Joique Bell,DET,27.0,16,4.0,166,650,3.92,8,164.0,2013
18,Zac Stacy,STL,22.0,14,12.0,250,973,3.89,7,157.0,2013
19,Danny Woodhead,SDG,28.0,16,2.0,106,429,4.05,2,147.0,2013
20,Maurice Jones-Drew,JAX,28.0,15,15.0,234,803,3.43,5,144.0,2013
21,Rashad Jennings,OAK,28.0,15,8.0,163,733,4.5,6,139.0,2013
22,DeAngelo Williams,CAR,30.0,15,15.0,201,843,4.19,3,138.0,2013
23,Pierre Thomas,NOR,29.0,16,9.0,147,549,3.73,2,136.0,2013
24,Andre Ellington,ARI,24.0,15,1.0,118,652,5.53,3,126.0,2013
25,Rashard Mendenhall,ARI,26.0,15,15.0,217,687,3.17,8,126.0,2013
26,Donald Brown,IND,26.0,16,5.0,102,537,5.26,6,123.0,2013
27,C.J. Spiller,BUF,26.0,15,10.0,202,933,4.62,2,122.0,2013
28,Ray Rice,BAL,26.0,15,15.0,214,660,3.08,4,120.0,2013
29,Stevan Ridley,NWE,24.0,14,6.0,178,773,4.34,7,120.0,2013
30,LeGarrette Blount,NWE,27.0,16,7.0,153,772,5.05,7,119.0,2013
31,BenJarvus Green-Ellis,CIN,28.0,16,16.0,220,756,3.44,7,116.0,2013
32,Steven Jackson,ATL,30.0,12,12.0,157,543,3.46,6,115.0,2013
33,Ben Tate,HOU,25.0,14,7.0,181,771,4.26,4,111.0,2013
34,Trent Richardson,2TM,23.0,16,10.0,188,563,2.99,3,110.0,2013
35,Bilal Powell,NYJ,25.0,16,11.0,176,697,3.96,1,104.0,2013
37,Chris Ivory,NYJ,25.0,15,6.0,182,833,4.58,3,102.0,2013
36,Darren Sproles,NOR,30.0,15,4.0,53,220,4.15,2,102.0,2013
38,Lamar Miller,MIA,22.0,16,15.0,177,709,4.01,2,98.0,2013
39,Mike Tolbert*+,CAR,28.0,16,13.0,101,361,3.57,5,97.0,2013
40,Bobby Rainey,2TM,26.0,15,6.0,150,566,3.77,5,95.0,2013
41,Shane Vereen,NWE,24.0,8,1.0,44,208,4.73,1,92.0,2013
42,Jacquizz Rodgers,ATL,23.0,15,4.0,96,332,3.46,2,89.0,2013
43,Montee Ball,DEN,23.0,16,0.0,120,559,4.66,4,88.0,2013
44,Arian Foster,HOU,27.0,8,8.0,121,542,4.48,1,87.0,2013
45,Daniel Thomas,MIA,26.0,15,1.0,109,406,3.72,4,83.0,2013
46,James Starks,GNB,27.0,13,1.0,89,493,5.54,3,82.0,2013
47,Darren McFadden,OAK,26.0,10,7.0,114,379,3.32,5,81.0,2013
48,Marcel Reece*,OAK,28.0,16,15.0,46,218,4.74,2,80.0,2013
49,Roy Helu,WAS,25.0,16,0.0,62,274,4.42,4,77.0,2013
50,Andre Brown,NYG,27.0,8,8.0,139,492,3.54,3,74.0,2013
51,Chris Ogbonnaya,CLE,27.0,16,7.0,49,240,4.9,0,68.0,2013
52,Bernard Pierce,BAL,23.0,16,1.0,152,436,2.87,2,66.0,2013
53,Jason Snelling,ATL,30.0,14,1.0,44,164,3.73,1,62.0,2013
54,Brandon Bolden,NWE,23.0,12,2.0,55,271,4.93,3,60.0,2013
55,Shonn Greene,TEN,28.0,11,0.0,77,295,3.83,4,57.0,2013
56,Doug Martin,TAM,24.0,6,6.0,127,456,3.59,1,56.0,2013
57,Jordan Todman,JAX,23.0,16,2.0,76,256,3.37,2,55.0,2013
58,Bryce Brown,PHI,22.0,16,1.0,75,314,4.19,2,54.0,2013
59,Knile Davis,KAN,22.0,16,1.0,70,242,3.46,4,54.0,2013
61,Kendall Hunter,SFO,25.0,16,0.0,78,358,4.59,3,53.0,2013
60,Mark Ingram,NOR,24.0,11,3.0,78,386,4.95,1,53.0,2013
62,Willis McGahee,CLE,32.0,12,6.0,138,377,2.73,2,50.0,2013
63,Michael Bush,CHI,29.0,15,0.0,63,197,3.13,3,49.0,2013
64,Toby Gerhart,MIN,26.0,14,0.0,36,283,7.86,2,47.0,2013
65,Brandon Jacobs,NYG,31.0,7,1.0,58,238,4.1,4,47.0,2013
66,Peyton Hillis,NYG,27.0,7,1.0,73,247,3.38,2,44.0,2013
67,Benny Cunningham,STL,23.0,14,0.0,47,261,5.55,1,38.0,2013
69,Ronnie Hillman,DEN,22.0,10,0.0,55,218,3.96,1,38.0,2013
68,Mike James,TAM,22.0,8,3.0,60,295,4.92,0,38.0,2013
70,Brian Leonard,TAM,29.0,16,1.0,47,182,3.87,0,36.0,2013
71,Chris Polk,PHI,24.0,15,0.0,11,98,8.91,3,36.0,2013
75,Edwin Baker,CLE,22.0,3,2.0,43,171,3.98,2,35.0,2013
74,Ahmad Bradshaw,IND,27.0,3,2.0,41,186,4.54,2,35.0,2013
76,Joseph Randle,DAL,22.0,13,2.0,54,164,3.04,2,35.0,2013
72,Fozzy Whittaker,2TM,24.0,14,2.0,28,79,2.82,0,35.0,2013
73,Darrel Young,WAS,26.0,13,7.0,12,41,3.42,3,35.0,2013
77,Matt Asiata,MIN,26.0,11,1.0,44,166,3.77,3,34.0,2013
78,Daryl Richardson,STL,23.0,8,3.0,69,215,3.12,0,34.0,2013
79,Luke Willson,SEA,23.0,16,7.0,0,0,,0,33.0,2013
80,Robert Turbin,SEA,24.0,16,0.0,77,264,3.43,0,30.0,2013
82,Ronnie Brown,SDG,32.0,16,0.0,45,157,3.49,1,28.0,2013
81,Khiry Robinson,NOR,24.0,10,0.0,54,224,4.15,1,28.0,2013
83,Antone Smith,ATL,28.0,15,0.0,5,145,29.0,2,28.0,2013
84,Jonathan Dwyer,PIT,24.0,15,0.0,49,197,4.02,0,26.0,2013
85,Bruce Miller,SFO,26.0,14,13.0,7,13,1.86,0,26.0,2013
86,Frank Summers,BUF,28.0,15,9.0,12,46,3.83,1,25.0,2013
87,Jackie Battle,TEN,30.0,16,0.0,36,142,3.94,1,24.0,2013
88,Da'Rel Scott,NYG,25.0,5,1.0,20,73,3.65,0,24.0,2013
89,Dennis Johnson,HOU,23.0,8,1.0,49,183,3.73,0,23.0,2013
90,Felix Jones,PIT,26.0,16,2.0,48,184,3.83,0,23.0,2013
91,Jonathan Stewart,CAR,26.0,6,1.0,48,180,3.75,0,22.0,2013
92,Anthony Dixon,SFO,26.0,16,1.0,28,56,2.0,2,21.0,2013
94,Stanley Havili,IND,26.0,13,8.0,7,7,1.0,0,20.0,2013
93,Anthony Sherman,KAN,25.0,16,8.0,2,3,1.5,0,20.0,2013
98,Tashard Choice,2TM,29.0,15,0.0,46,170,3.7,0,19.0,2013
96,Lance Dunbar,DAL,23.0,9,0.0,30,150,5.0,0,19.0,2013
95,Jonathan Grimes,HOU,24.0,2,1.0,21,73,3.48,1,19.0,2013
97,Stepfan Taylor,ARI,22.0,16,0.0,36,115,3.19,0,19.0,2013
99,Johnathan Franklin,GNB,24.0,11,0.0,19,107,5.63,1,18.0,2013
100,Marcus Thigpen,MIA,27.0,16,0.0,6,18,3.0,0,18.0,2013
101,David Wilson,NYG,22.0,5,4.0,44,146,3.32,1,17.0,2013
103,Jed Collins,NOR,27.0,16,8.0,15,45,3.0,1,16.0,2013
104,John Kuhn,GNB,31.0,15,6.0,10,38,3.8,1,16.0,2013
102,Alfonso Smith,ARI,26.0,16,0.0,18,54,3.0,1,16.0,2013
106,Tommy Bohanon,NYJ,23.0,16,8.0,17,62,3.65,0,13.0,2013
108,Derrick Coleman,SEA,23.0,12,3.0,2,3,1.5,0,13.0,2013
105,James Develin,NWE,25.0,16,6.0,4,10,2.5,1,13.0,2013
107,Vonta Leach,BAL,32.0,16,7.0,11,23,2.09,0,13.0,2013
109,Isaiah Pead,STL,24.0,10,0.0,7,21,3.0,0,12.0,2013
110,Justin Forsett,JAX,28.0,9,0.0,6,31,5.17,0,11.0,2013
111,Theo Riddick,DET,22.0,14,0.0,9,25,2.78,1,11.0,2013
112,Phillip Tanner,DAL,25.0,16,0.0,9,12,1.33,1,11.0,2013
113,Will Johnson,PIT,24.0,15,5.0,0,0,,0,10.0,2013
114,Dan Herron,IND,24.0,6,0.0,5,33,6.6,0,9.0,2013
116,Mike Goodson,NYJ,26.0,2,0.0,7,61,8.71,0,8.0,2013
119,LaMichael James,SFO,24.0,10,0.0,12,59,4.92,0,8.0,2013
117,Christine Michael,SEA,23.0,4,0.0,18,79,4.39,0,8.0,2013
115,Bear Pascoe,NYG,27.0,16,6.0,1,2,2.0,0,8.0,2013
118,Lee Smith,BUF,26.0,16,14.0,0,0,,0,8.0,2013
123,Travaris Cadet,NOR,24.0,13,0.0,0,0,,0,7.0,2013
120,Cyrus Gray,KAN,24.0,16,0.0,9,24,2.67,0,7.0,2013
121,Jamize Olawale,OAK,24.0,16,1.0,3,6,2.0,0,7.0,2013
122,Jeremy Stewart,OAK,24.0,13,0.0,2,2,1.0,1,7.0,2013
124,Vick Ballard,IND,23.0,1,1.0,13,63,4.85,0,6.0,2013
127,Michael Cox,NYG,25.0,14,1.0,22,43,1.95,0,6.0,2013
126,Tony Fiammetta,CHI,27.0,16,7.0,0,0,,0,6.0,2013
125,Taiwan Jones,OAK,25.0,16,0.0,5,23,4.6,0,6.0,2013
130,Patrick DiMarco,ATL,24.0,14,7.0,0,0,,0,5.0,2013
132,Michael Hill,2TM,24.0,8,0.0,9,23,2.56,0,5.0,2013
129,Deji Karim,HOU,27.0,7,0.0,12,51,4.25,0,5.0,2013
131,Erik Lorig,TAM,27.0,15,9.0,0,0,,0,5.0,2013
128,Niles Paul,WAS,24.0,15,4.0,0,0,,0,5.0,2013
136,C.J. Anderson,DEN,22.0,5,0.0,7,38,5.43,0,4.0,2013
135,Nate Byham,TAM,25.0,4,3.0,0,0,,0,4.0,2013
139,Jeff Demps,TAM,23.0,2,0.0,1,14,14.0,0,4.0,2013
137,Jerome Felton,MIN,27.0,13,9.0,0,0,,0,4.0,2013
133,Alex Green,NYJ,25.0,13,0.0,11,35,3.18,0,4.0,2013
138,Greg Jones,HOU,32.0,16,5.0,2,2,1.0,0,4.0,2013
134,Will Ta'ufo'ou,JAX,27.0,16,7.0,1,1,1.0,0,4.0,2013
141,John Conner,NYG,26.0,13,7.0,0,0,,0,3.0,2013
143,Bradie Ewing,ATL,24.0,2,2.0,0,0,,0,3.0,2013
146,Le'Ron McClain,SDG,29.0,16,2.0,11,32,2.91,0,3.0,2013
140,Collin Mooney,TEN,27.0,12,4.0,0,0,,0,3.0,2013
145,Isaac Redman,PIT,29.0,3,1.0,10,12,1.2,0,3.0,2013
144,Michael Robinson,SEA,30.0,9,3.0,1,0,0.0,0,3.0,2013
142,LaRod Stephens-Howling,PIT,26.0,1,0.0,6,19,3.17,0,3.0,2013
148,Mike Gillislee,MIA,23.0,3,0.0,6,21,3.5,0,2.0,2013
149,Ray Graham,HOU,23.0,1,0.0,4,8,2.0,0,2.0,2013
150,Cedric Peerman,CIN,27.0,16,0.0,8,17,2.13,0,2.0,2013
147,Bernard Scott,BAL,29.0,2,0.0,4,14,3.5,0,2.0,2013
152,Joe Banyard,MIN,25.0,3,0.0,0,0,,0,1.0,2013
151,Kenjon Barner,CAR,23.0,8,0.0,6,7,1.17,0,1.0,2013
156,Orson Charles,CIN,22.0,13,0.0,0,0,,0,1.0,2013
159,Robert Hughes,2TM,24.0,2,0.0,0,0,,0,1.0,2013
155,Mikel Leshoure,DET,23.0,3,0.0,2,9,4.5,0,1.0,2013
157,Zach Line,MIN,23.0,3,1.0,0,0,,0,1.0,2013
160,Armond Smith,CAR,27.0,5,0.0,4,5,1.25,0,1.0,2013
153,Spencer Ware,SEA,22.0,2,0.0,3,10,3.33,0,1.0,2013
158,Ronnie Wingo,BUF,22.0,2,0.0,1,4,4.0,0,1.0,2013
154,Cierre Wood,2TM,22.0,5,0.0,3,9,3.0,0,1.0,2013
162,Shaun Draughn,BAL,26.0,3,0.0,4,2,0.5,0,,2013
161,Evan Royster,WAS,26.0,10,0.0,2,0,0.0,0,,2013
175,Josh Vaughan,ATL,27.0,6,0.0,1,1,1.0,0,,2013
163,Leon Washington,2TM,31.0,7,0.0,1,1,1.0,0,,2013
176,Tyler Clutts,2TM,29.0,8,0.0,0,0,,0,-2.0,2013
177,Darius Reynaud,2TM,29.0,9,0.0,1,0,0.0,0,-2.0,2013
1,DeMarco Murray*+,DAL,26.0,16,16.0,392,1845,4.71,13,294.0,2014
2,Le'Veon Bell*+,PIT,22.0,16,16.0,290,1361,4.69,8,288.0,2014
3,Marshawn Lynch*,SEA,28.0,16,14.0,280,1306,4.66,13,265.0,2014
4,Matt Forte,CHI,29.0,16,16.0,266,1038,3.9,6,245.0,2014
5,Arian Foster*,HOU,28.0,13,13.0,260,1246,4.79,8,236.0,2014
6,Eddie Lacy,GNB,24.0,16,16.0,246,1139,4.63,9,231.0,2014
7,Jamaal Charles*,KAN,28.0,15,15.0,206,1033,5.01,9,210.0,2014
8,Justin Forsett*,BAL,29.0,16,14.0,235,1266,5.39,8,205.0,2014
9,Lamar Miller,MIA,23.0,16,16.0,216,1099,5.09,8,185.0,2014
10,Jeremy Hill,CIN,22.0,16,8.0,222,1124,5.06,9,184.0,2014
11,C.J. Anderson*,DEN,23.0,15,7.0,179,849,4.74,8,177.0,2014
12,LeSean McCoy*,PHI,26.0,16,16.0,312,1319,4.23,5,171.0,2014
13,Alfred Morris*,WAS,26.0,16,16.0,265,1074,4.05,8,171.0,2014
14,Joique Bell,DET,28.0,15,6.0,223,860,3.86,7,166.0,2014
15,Mark Ingram*,NOR,25.0,13,9.0,226,964,4.27,9,163.0,2014
16,Matt Asiata,MIN,27.0,15,9.0,164,570,3.48,9,150.0,2014
17,Frank Gore,SFO,31.0,16,16.0,255,1106,4.34,4,148.0,2014
18,Giovani Bernard,CIN,23.0,13,9.0,168,680,4.05,5,145.0,2014
19,Chris Ivory,NYJ,26.0,16,10.0,198,821,4.15,6,134.0,2014
20,Andre Ellington,ARI,25.0,12,12.0,201,660,3.28,3,132.0,2014
21,Fred Jackson,BUF,33.0,14,9.0,141,525,3.72,2,123.0,2014
22,Steven Jackson,ATL,31.0,15,15.0,190,707,3.72,6,122.0,2014
23,Jonathan Stewart,CAR,27.0,13,8.0,175,809,4.62,3,121.0,2014
24,Tre Mason,STL,21.0,12,9.0,179,765,4.27,4,119.0,2014
25,Ahmad Bradshaw,IND,28.0,10,1.0,90,425,4.72,2,117.0,2014
26,Shane Vereen,NWE,25.0,16,6.0,96,391,4.07,2,114.0,2014
27,Isaiah Crowell,CLE,21.0,16,4.0,148,607,4.1,8,113.0,2014
29,Rashad Jennings,NYG,29.0,11,9.0,167,639,3.83,4,109.0,2014
28,Branden Oliver,SDG,23.0,14,7.0,160,582,3.64,3,109.0,2014
30,Darren Sproles*,PHI,31.0,15,0.0,57,329,5.77,6,106.0,2014
31,Terrance West,CLE,23.0,14,6.0,171,673,3.94,4,102.0,2014
32,Knile Davis,KAN,23.0,16,1.0,134,463,3.46,6,99.0,2014
33,Chris Johnson,NYJ,29.0,16,6.0,155,663,4.28,1,91.0,2014
34,Trent Richardson,IND,24.0,15,12.0,159,519,3.26,3,91.0,2014
36,Dwayne Allen,IND,24.0,13,13.0,0,0,,0,88.0,2014
35,LeGarrette Blount,2TM,28.0,16,1.0,125,547,4.38,5,88.0,2014
37,Darren McFadden,OAK,27.0,16,12.0,155,534,3.45,2,85.0,2014
38,Alfred Blue,HOU,23.0,16,3.0,169,528,3.12,2,82.0,2014
39,Ronnie Hillman,DEN,23.0,8,4.0,106,434,4.09,3,81.0,2014
40,Benny Cunningham,STL,24.0,16,2.0,66,246,3.73,3,80.0,2014
42,Bobby Rainey,TAM,27.0,15,5.0,94,406,4.32,1,78.0,2014
41,Bishop Sankey,TEN,22.0,16,9.0,152,569,3.74,2,78.0,2014
43,Pierre Thomas,NOR,30.0,11,3.0,45,222,4.93,2,78.0,2014
44,Jonas Gray,NWE,24.0,8,3.0,89,412,4.63,5,72.0,2014
45,Latavius Murray,OAK,24.0,15,3.0,82,424,5.17,2,69.0,2014
46,Doug Martin,TAM,25.0,11,11.0,134,494,3.69,2,68.0,2014
49,Reggie Bush,DET,29.0,11,9.0,76,297,3.91,2,67.0,2014
47,Jerick McKinnon,MIN,22.0,11,6.0,113,538,4.76,0,67.0,2014
48,Ben Tate,2TM,26.0,11,6.0,119,371,3.12,4,67.0,2014
51,Antone Smith,ATL,29.0,10,0.0,23,144,6.26,2,65.0,2014
50,Lorenzo Taliaferro,BAL,23.0,13,0.0,68,292,4.29,4,65.0,2014
52,Carlos Hyde,SFO,24.0,14,0.0,83,333,4.01,4,62.0,2014
53,Toby Gerhart,JAX,27.0,14,7.0,101,326,3.23,2,61.0,2014
54,Theo Riddick,DET,23.0,14,2.0,20,51,2.55,0,61.0,2014
55,Anthony Dixon,BUF,27.0,16,0.0,105,432,4.11,2,60.0,2014
56,Robert Turbin,SEA,25.0,16,3.0,74,310,4.19,0,60.0,2014
57,James Starks,GNB,28.0,16,0.0,85,333,3.92,2,59.0,2014
58,Ryan Mathews,SDG,27.0,6,6.0,74,330,4.46,3,58.0,2014
59,Devonta Freeman,ATL,22.0,16,0.0,65,248,3.82,1,57.0,2014
60,Khiry Robinson,NOR,25.0,10,3.0,76,362,4.76,3,57.0,2014
61,Stepfan Taylor,ARI,23.0,14,4.0,63,208,3.3,1,55.0,2014
62,Dan Herron,IND,25.0,16,3.0,78,351,4.5,1,54.0,2014
63,Jacquizz Rodgers,ATL,24.0,16,1.0,58,217,3.74,1,53.0,2014
65,Shonn Greene,TEN,29.0,13,5.0,94,392,4.17,2,51.0,2014
64,Joseph Randle,DAL,23.0,16,0.0,51,343,6.73,3,51.0,2014
66,Jordan Todman,JAX,24.0,16,1.0,32,186,5.81,1,50.0,2014
68,Bernard Pierce,BAL,24.0,13,2.0,93,366,3.94,2,48.0,2014
67,Stevan Ridley,NWE,25.0,6,5.0,94,340,3.62,2,48.0,2014
69,Juwan Thompson,DEN,20.0,15,0.0,54,272,5.04,3,48.0,2014
71,C.J. Spiller,BUF,27.0,9,5.0,78,300,3.85,0,47.0,2014
70,Zac Stacy,STL,23.0,13,5.0,76,293,3.86,1,47.0,2014
72,Donald Brown,SDG,27.0,13,3.0,85,223,2.62,0,43.0,2014
73,John Carlson,ARI,30.0,16,12.0,0,0,,0,43.0,2014
74,Chris Polk,PHI,25.0,14,0.0,46,172,3.74,4,43.0,2014
75,Charles Sims,TAM,24.0,8,0.0,66,185,2.8,1,42.0,2014
76,Daniel Thomas,MIA,27.0,12,0.0,44,168,3.82,2,41.0,2014
77,Darrel Young,WAS,27.0,16,10.0,9,22,2.44,3,40.0,2014
78,Marcel Reece*,OAK,29.0,15,15.0,21,85,4.05,0,39.0,2014
80,Dexter McCluster,TEN,25.0,14,2.0,40,131,3.28,0,37.0,2014
79,Damien Williams,MIA,22.0,16,0.0,36,122,3.39,0,37.0,2014
81,Travaris Cadet,NOR,25.0,15,1.0,10,32,3.2,0,35.0,2014
82,Leon Washington,TEN,32.0,16,0.0,13,57,4.38,0,34.0,2014
83,Fozzy Whittaker,CAR,25.0,10,1.0,32,145,4.53,1,33.0,2014
84,Lance Dunbar,DAL,24.0,16,0.0,29,99,3.41,0,32.0,2014
85,Bruce Miller,SFO,27.0,16,8.0,6,9,1.5,0,30.0,2014
86,Bilal Powell,NYJ,26.0,15,1.0,33,141,4.27,1,29.0,2014
87,Bryce Brown,BUF,23.0,7,2.0,36,126,3.5,0,28.0,2014
88,Montee Ball,DEN,24.0,5,3.0,55,172,3.13,1,27.0,2014
89,Kerwynn Williams,ARI,23.0,5,0.0,53,246,4.64,0,26.0,2014
92,Jonathan Grimes,HOU,25.0,16,0.0,39,153,3.92,0,24.0,2014
91,Silas Redd,WAS,22.0,15,0.0,16,75,4.69,1,24.0,2014
90,DeAngelo Williams,CAR,31.0,6,6.0,62,219,3.53,0,24.0,2014
94,Ka'Deem Carey,CHI,22.0,14,0.0,36,158,4.39,0,22.0,2014
93,Knowshon Moreno,MIA,27.0,3,0.0,31,148,4.77,1,22.0,2014
95,Peyton Hillis,NYG,28.0,9,0.0,26,115,4.42,0,20.0,2014
97,Storm Johnson,JAX,22.0,6,1.0,29,86,2.97,2,20.0,2014
96,Kyle Juszczyk,BAL,23.0,16,14.0,0,0,,0,20.0,2014
98,Joe McKnight,KAN,26.0,2,0.0,1,3,3.0,0,19.0,2014
99,Christine Michael,SEA,24.0,10,0.0,34,175,5.15,0,19.0,2014
102,Maurice Jones-Drew,OAK,29.0,12,1.0,43,96,2.23,0,17.0,2014
101,John Kuhn*+,GNB,32.0,16,2.0,24,85,3.54,1,17.0,2014
100,Mike Tolbert,CAR,29.0,8,6.0,37,78,2.11,0,17.0,2014
104,Brandon Bolden,NWE,24.0,16,2.0,28,89,3.18,1,16.0,2014
103,Jonathan Dwyer,ARI,25.0,2,0.0,16,51,3.19,1,16.0,2014
106,Joe Banyard,MIN,26.0,15,0.0,21,88,4.19,0,15.0,2014
105,Robert Hughes,ARI,25.0,16,4.0,7,11,1.57,0,15.0,2014
107,Zurlon Tipton,IND,24.0,6,0.0,10,18,1.8,0,15.0,2014
110,Rex Burkhead,CIN,24.0,9,0.0,9,27,3.0,1,14.0,2014
109,Jamize Olawale,OAK,25.0,16,0.0,2,0,0.0,0,14.0,2014
108,Anthony Sherman,KAN,26.0,16,6.0,2,8,4.0,0,14.0,2014
111,Orleans Darkwa,2TM,22.0,11,0.0,9,23,2.56,1,13.0,2014
112,Marion Grice,ARI,23.0,10,0.0,15,41,2.73,1,13.0,2014
114,Jed Collins,DET,28.0,16,2.0,8,19,2.38,0,12.0,2014
116,John Conner,NYJ,27.0,12,3.0,6,20,3.33,0,12.0,2014
113,Patrick DiMarco,ATL,25.0,16,7.0,0,0,,0,12.0,2014
115,Dante Rosario,CHI,30.0,16,3.0,0,0,,0,12.0,2014
119,Ronnie Brown,2TM,33.0,10,0.0,20,63,3.15,0,11.0,2014
117,Chris Ogbonnaya,2TM,28.0,7,0.0,14,50,3.57,1,11.0,2014
118,Darrin Reaves,CAR,21.0,6,1.0,31,78,2.52,0,11.0,2014
122,Jackie Battle,TEN,31.0,16,1.0,5,9,1.8,1,10.0,2014
121,Austin Johnson,NOR,25.0,7,1.0,8,22,2.75,0,10.0,2014
120,Chris Thompson,WAS,24.0,2,0.0,3,12,4.0,0,10.0,2014
125,Derrick Coleman,SEA,24.0,5,1.0,0,0,,0,9.0,2014
124,Cyrus Gray,KAN,25.0,9,0.0,8,31,3.88,1,9.0,2014
123,Adrian Peterson,MIN,29.0,1,1.0,21,75,3.57,0,9.0,2014
126,Frank Summers,BUF,29.0,10,6.0,6,17,2.83,1,9.0,2014
128,DuJuan Harris,GNB,26.0,15,0.0,16,64,4.0,0,8.0,2014
127,Will Ta'ufo'ou,JAX,28.0,16,4.0,0,0,,0,8.0,2014
131,Erik Lorig,NOR,28.0,10,6.0,3,4,1.33,0,7.0,2014
132,Cedric Peerman,CIN,28.0,16,0.0,15,43,2.87,0,7.0,2014
129,George Winn,DET,24.0,12,0.0,19,73,3.84,0,7.0,2014
130,Danny Woodhead,SDG,29.0,3,0.0,15,38,2.53,0,7.0,2014
133,Jorvorskie Lane,TAM,27.0,9,4.0,3,58,19.33,0,6.0,2014
134,James White,NWE,22.0,3,0.0,9,38,4.22,0,6.0,2014
136,James Develin,NWE,26.0,16,4.0,3,5,1.67,0,5.0,2014
135,Trey Watts,STL,23.0,14,0.0,7,30,4.29,0,5.0,2014
137,Michael Cox,NYG,26.0,4,0.0,4,33,8.25,0,4.0,2014
138,Will Johnson,PIT,25.0,16,5.0,2,0,0.0,0,4.0,2014
139,Fitzgerald Toussaint,BAL,24.0,4,0.0,6,12,2.0,0,4.0,2014
140,Tommy Bohanon,NYJ,24.0,4,2.0,1,3,3.0,0,3.0,2014
143,Jerome Felton,MIN,28.0,16,3.0,4,27,6.75,0,3.0,2014
141,Mike James,TAM,23.0,11,0.0,19,37,1.95,0,3.0,2014
142,Alfonso Smith,SFO,27.0,6,0.0,7,19,2.71,0,3.0,2014
148,Ray Agnew,CLE,23.0,12,9.0,2,2,1.0,0,2.0,2014
147,Shaun Draughn,3TM,27.0,10,0.0,10,19,1.9,0,2.0,2014
149,Josh Harris,PIT,23.0,5,0.0,9,16,1.78,0,2.0,2014
150,Brian Leonard,NOR,30.0,1,0.0,0,0,,0,2.0,2014
144,Jay Prosch,HOU,22.0,16,5.0,0,0,,0,2.0,2014
145,Jeremy Stewart,DEN,25.0,6,0.0,6,22,3.67,0,2.0,2014
152,Antonio Andrews,TEN,22.0,4,0.0,0,0,,0,1.0,2014
151,Henry Hynoski,NYG,26.0,16,4.0,7,13,1.86,0,1.0,2014
153,LaMichael James,2TM,25.0,3,0.0,5,9,1.8,0,1.0,2014
154,Will Tukuafu,SEA,30.0,9,2.0,1,2,2.0,0,1.0,2014
155,Edwin Baker,NOR,23.0,3,0.0,1,2,2.0,0,,2014
156,Tyler Clutts,DAL,30.0,16,1.0,0,0,,0,,2014
180,Jalen Parmele,ARI,29.0,1,0.0,1,0,0.0,0,,2014
187,Senorise Perry,CHI,23.0,16,0.0,0,0,,0,,2014
188,Tauren Poole,3TM,25.0,3,0.0,1,0,0.0,0,-2.0,2014
1,Devonta Freeman*,ATL,23.0,15,13.0,265,1056,3.98,11,243.0,2015
2,Adrian Peterson*+,MIN,30.0,16,16.0,327,1485,4.54,11,231.0,2015
3,Doug Martin*+,TAM,26.0,16,16.0,288,1402,4.87,6,199.0,2015
4,DeAngelo Williams,PIT,32.0,16,10.0,200,907,4.54,11,191.0,2015
5,Todd Gurley*,STL,21.0,13,12.0,229,1106,4.83,10,189.0,2015
6,Lamar Miller,MIA,24.0,16,16.0,194,872,4.49,8,185.0,2015
7,David Johnson,ARI,24.0,16,5.0,125,581,4.65,8,174.0,2015
8,Matt Forte,CHI,30.0,13,13.0,218,898,4.12,4,173.0,2015
9,Chris Ivory*,NYJ,27.0,15,14.0,247,1070,4.33,7,173.0,2015
10,Latavius Murray*,OAK,25.0,16,16.0,266,1066,4.01,6,164.0,2015
11,Danny Woodhead,SDG,30.0,16,2.0,98,336,3.43,3,163.0,2015
12,Frank Gore,IND,32.0,16,16.0,260,967,3.72,6,159.0,2015
13,Jeremy Hill,CIN,23.0,16,15.0,223,794,3.56,11,157.0,2015
14,Darren McFadden,DAL,28.0,16,10.0,239,1089,4.56,3,156.0,2015
15,Mark Ingram,NOR,26.0,12,10.0,166,769,4.63,6,153.0,2015
16,Jonathan Stewart*,CAR,28.0,13,13.0,242,989,4.09,6,147.0,2015
17,LeSean McCoy*,BUF,27.0,12,12.0,203,895,4.41,3,147.0,2015
18,DeMarco Murray,PHI,27.0,15,8.0,193,702,3.64,6,140.0,2015
19,Ronnie Hillman,DEN,24.0,16,11.0,207,863,4.17,7,137.0,2015
20,Rashad Jennings,NYG,30.0,16,16.0,195,863,4.43,3,136.0,2015
21,Giovani Bernard,CIN,24.0,16,1.0,154,730,4.74,2,132.0,2015
22,Charles Sims,TAM,25.0,16,0.0,107,529,4.94,0,129.0,2015
23,Jeremy Langford,CHI,24.0,16,2.0,148,537,3.63,6,128.0,2015
24,James Starks,GNB,29.0,16,4.0,148,601,4.06,2,123.0,2015
26,Eddie Lacy,GNB,25.0,15,12.0,187,758,4.05,3,121.0,2015
25,Thomas Rawls,SEA,22.0,13,7.0,147,830,5.65,4,121.0,2015
27,T.J. Yeldon,JAX,22.0,12,12.0,182,740,4.07,2,120.0,2015
28,Isaiah Crowell,CLE,22.0,16,9.0,185,706,3.82,4,119.0,2015
29,LeGarrette Blount,NWE,29.0,12,6.0,165,703,4.26,6,117.0,2015
30,C.J. Anderson,DEN,24.0,15,6.0,152,720,4.74,5,116.0,2015
32,Charcandrick West,KAN,24.0,15,9.0,160,634,3.96,4,113.0,2015
31,Karlos Williams,BUF,22.0,11,3.0,93,517,5.56,7,113.0,2015
33,Ryan Mathews,PHI,28.0,13,6.0,106,539,5.08,6,105.0,2015
34,Duke Johnson,CLE,22.0,16,7.0,104,379,3.64,0,103.0,2015
36,Javorius Allen,BAL,24.0,16,6.0,137,514,3.75,1,101.0,2015
35,Chris Johnson,ARI,30.0,11,9.0,196,814,4.15,3,101.0,2015
37,Shane Vereen,NYG,26.0,16,0.0,61,260,4.26,0,100.0,2015
38,Theo Riddick,DET,24.0,16,1.0,43,133,3.09,0,99.0,2015
39,Alfred Blue,HOU,24.0,15,9.0,183,698,3.81,2,97.0,2015
40,Matt Jones,WAS,22.0,13,0.0,144,490,3.4,3,95.0,2015
41,Justin Forsett,BAL,30.0,10,10.0,151,641,4.25,2,93.0,2015
42,Ameer Abdullah,DET,22.0,16,9.0,143,597,4.17,2,92.0,2015
43,Antonio Andrews,TEN,23.0,14,10.0,143,520,3.64,3,91.0,2015
44,Bilal Powell,NYJ,27.0,11,2.0,70,313,4.47,1,88.0,2015
45,Le'Veon Bell,PIT,23.0,6,6.0,113,556,4.92,3,87.0,2015
46,Alfred Morris,WAS,27.0,16,16.0,202,751,3.72,1,87.0,2015
47,Joique Bell,DET,29.0,13,5.0,90,311,3.46,4,86.0,2015
48,Dion Lewis,NWE,25.0,7,6.0,49,234,4.78,2,84.0,2015
49,James White,NWE,23.0,14,1.0,22,56,2.55,2,83.0,2015
50,Jamaal Charles,KAN,29.0,5,5.0,71,364,5.13,4,80.0,2015
51,Spencer Ware,KAN,24.0,11,2.0,72,403,5.6,6,77.0,2015
52,Melvin Gordon,SDG,22.0,14,13.0,184,641,3.48,0,75.0,2015
53,Tim Hightower,NOR,29.0,8,3.0,96,375,3.91,4,74.0,2015
54,Carlos Hyde,SFO,25.0,7,7.0,115,470,4.09,3,70.0,2015
55,Marshawn Lynch,SEA,29.0,7,6.0,111,417,3.76,3,70.0,2015
56,Mike Tolbert*+,CAR,30.0,16,3.0,62,256,4.13,1,67.0,2015
57,Dwayne Harris,NYG,28.0,15,6.0,2,12,6.0,0,65.0,2015
58,Joseph Randle,DAL,24.0,6,6.0,76,315,4.14,4,64.0,2015
60,Jonathan Grimes,HOU,26.0,14,0.0,56,282,5.04,1,62.0,2015
59,Jerick McKinnon,MIN,23.0,16,0.0,52,271,5.21,2,62.0,2015
61,Andre Ellington,ARI,26.0,10,3.0,45,289,6.42,3,60.0,2015
62,Chris Thompson,WAS,25.0,13,0.0,35,216,6.17,0,58.0,2015
63,Kyle Juszczyk,BAL,24.0,16,11.0,2,3,1.5,0,56.0,2015
64,Chris Polk,HOU,26.0,15,2.0,99,334,3.37,1,56.0,2015
65,Arian Foster,HOU,29.0,4,4.0,63,163,2.59,1,55.0,2015
66,Khiry Robinson,NOR,26.0,8,0.0,56,180,3.21,4,54.0,2015
68,Brandon Bolden,NWE,25.0,15,2.0,63,207,3.29,0,51.0,2015
67,Shaun Draughn,2TM,28.0,11,6.0,78,273,3.5,1,51.0,2015
69,Marcel Reece,OAK,30.0,15,7.0,10,36,3.6,0,49.0,2015
70,C.J. Spiller,NOR,28.0,13,2.0,36,112,3.11,0,47.0,2015
72,Mike Gillislee,BUF,25.0,5,1.0,47,267,5.68,3,46.0,2015
71,Fred Jackson,SEA,34.0,16,0.0,26,100,3.85,0,46.0,2015
73,Bishop Sankey,TEN,23.0,13,3.0,47,193,4.11,1,43.0,2015
74,Tevin Coleman,ATL,22.0,12,3.0,87,392,4.51,1,41.0,2015
75,Benny Cunningham,STL,25.0,16,1.0,37,140,3.78,0,39.0,2015
76,Donald Brown,SDG,28.0,9,2.0,59,229,3.88,1,38.0,2015
77,Jay Ajayi,MIA,22.0,9,0.0,49,187,3.82,1,36.0,2015
79,Ka'Deem Carey,CHI,23.0,10,1.0,43,159,3.7,2,34.0,2015
80,Tre Mason,STL,22.0,13,3.0,75,207,2.76,1,34.0,2015
78,Andre Williams,NYG,23.0,16,0.0,88,257,2.92,1,34.0,2015
81,Ahmad Bradshaw,IND,29.0,6,0.0,31,85,2.74,0,33.0,2015
82,Cameron Artis-Payne,CAR,25.0,7,0.0,45,183,4.07,1,30.0,2015
83,Zach Line,MIN,25.0,16,5.0,6,10,1.67,2,29.0,2015
85,Travaris Cadet,3TM,26.0,7,1.0,11,28,2.55,0,28.0,2015
84,Lance Dunbar,DAL,25.0,4,0.0,5,67,13.4,0,28.0,2015
86,Robert Turbin,2TM,26.0,10,0.0,50,199,3.98,1,28.0,2015
87,DuJuan Harris,2TM,27.0,4,1.0,48,189,3.94,0,27.0,2015
88,Christine Michael,2TM,25.0,8,2.0,54,243,4.5,0,26.0,2015
90,Jonas Gray,2TM,25.0,8,0.0,45,176,3.91,0,25.0,2015
89,Jamize Olawale,OAK,26.0,14,3.0,24,110,4.58,1,25.0,2015
92,Matt Asiata,MIN,28.0,16,0.0,29,112,3.86,0,24.0,2015
91,Orleans Darkwa,NYG,23.0,16,0.0,36,153,4.25,1,24.0,2015
93,Damien Williams,MIA,23.0,16,0.0,16,59,3.69,0,24.0,2015
95,Patrick DiMarco*,ATL,26.0,16,8.0,1,0,0.0,0,23.0,2015
96,Terron Ward,ATL,23.0,13,0.0,29,95,3.28,1,23.0,2015
94,Fozzy Whittaker,CAR,26.0,15,1.0,25,108,4.32,1,23.0,2015
98,Taiwan Jones,OAK,27.0,12,0.0,16,74,4.63,0,22.0,2015
97,Branden Oliver,SDG,24.0,8,1.0,31,108,3.48,0,22.0,2015
101,Bruce Miller,SFO,28.0,16,5.0,6,14,2.33,1,21.0,2015
99,Zac Stacy,NYJ,24.0,8,0.0,31,89,2.87,1,21.0,2015
100,Terrance West,2TM,24.0,8,0.0,62,231,3.73,0,21.0,2015
103,David Cobb,TEN,22.0,7,1.0,52,146,2.81,1,20.0,2015
105,Jalston Fowler,TEN,25.0,16,0.0,7,13,1.86,1,20.0,2015
102,John Kuhn*,GNB,33.0,16,6.0,9,28,3.11,2,20.0,2015
104,Kerwynn Williams,ARI,24.0,6,0.0,27,142,5.26,1,20.0,2015
106,Roy Helu,OAK,27.0,9,0.0,17,39,2.29,0,17.0,2015
107,Knile Davis,KAN,24.0,14,0.0,28,72,2.57,1,16.0,2015
108,Anthony Dixon,BUF,28.0,16,1.0,21,44,2.1,1,15.0,2015
109,Pierre Thomas,2TM,31.0,5,0.0,15,64,4.27,0,15.0,2015
110,Rex Burkhead,CIN,25.0,16,0.0,4,4,1.0,0,14.0,2015
112,Akeem Hunt,HOU,22.0,7,1.0,17,96,5.65,0,14.0,2015
111,Lorenzo Taliaferro,BAL,24.0,3,0.0,13,47,3.62,1,14.0,2015
116,Kenjon Barner,PHI,25.0,11,0.0,28,124,4.43,0,13.0,2015
113,Bryce Brown,SEA,24.0,3,0.0,25,72,2.88,1,13.0,2015
115,Dan Herron,2TM,26.0,10,0.0,25,79,3.16,0,13.0,2015
114,Steven Jackson,NWE,32.0,2,1.0,21,50,2.38,1,13.0,2015
118,Kendall Gaskins,SFO,25.0,9,0.0,16,38,2.38,0,11.0,2015
117,Will Tukuafu,SEA,31.0,14,1.0,4,1,0.25,1,11.0,2015
122,Mike Davis,SFO,22.0,6,0.0,35,58,1.66,0,10.0,2015
121,Austin Johnson,NOR,26.0,10,1.0,4,9,2.25,1,10.0,2015
119,Will Johnson,PIT,26.0,16,4.0,4,7,1.75,1,10.0,2015
120,Juwan Thompson,DEN,21.0,15,1.0,18,48,2.67,0,10.0,2015
123,Garrett Graham,HOU,29.0,8,2.0,0,0,,0,9.0,2015
124,Stevan Ridley,NYJ,26.0,9,1.0,36,90,2.5,0,9.0,2015
125,Zurlon Tipton,IND,25.0,10,0.0,5,20,4.0,0,8.0,2015
127,Toby Gerhart,JAX,28.0,7,1.0,20,44,2.2,0,7.0,2015
126,Zach Zenner,DET,24.0,6,1.0,17,60,3.53,0,7.0,2015
132,Tommy Bohanon,NYJ,25.0,16,4.0,2,2,1.0,0,6.0,2015
131,Jerome Cunningham,NYG,24.0,9,3.0,0,0,,0,6.0,2015
130,Jarryd Hayne,SFO,27.0,8,1.0,17,52,3.06,0,6.0,2015
128,Stepfan Taylor,ARI,24.0,16,0.0,17,58,3.41,0,6.0,2015
129,Fitzgerald Toussaint,PIT,25.0,5,0.0,18,42,2.33,0,6.0,2015
137,Reggie Bush,SFO,30.0,5,1.0,8,28,3.5,0,5.0,2015
136,Joey Iosefa,NWE,24.0,2,0.0,15,51,3.4,0,5.0,2015
134,Josh Robinson,IND,23.0,5,0.0,17,39,2.29,0,5.0,2015
135,Jacquizz Rodgers,CHI,25.0,5,0.0,14,41,2.93,0,5.0,2015
133,Anthony Sherman,KAN,27.0,16,2.0,1,0,0.0,0,5.0,2015
139,Derrick Coleman,SEA,25.0,14,3.0,8,32,4.0,0,3.0,2015
141,Cory Harkey,STL,25.0,16,6.0,0,0,,0,3.0,2015
138,Jay Prosch,HOU,23.0,16,2.0,6,33,5.5,0,3.0,2015
140,Darrel Young,WAS,28.0,16,3.0,6,10,1.67,0,3.0,2015
149,Malcolm Brown,STL,22.0,1,0.0,4,17,4.25,0,2.0,2015
143,John Crockett,GNB,23.0,2,0.0,9,21,2.33,0,2.0,2015
145,Alonzo Harris,GNB,23.0,6,0.0,4,19,4.75,0,2.0,2015
150,Malcolm Johnson,CLE,23.0,12,5.0,0,0,,0,2.0,2015
148,Roosevelt Nix,PIT,23.0,15,4.0,0,0,,0,2.0,2015
147,Bernard Pierce,JAX,25.0,7,0.0,6,11,1.83,0,2.0,2015
146,Aaron Ripkowski,GNB,23.0,15,0.0,0,0,,0,2.0,2015
142,Jordan Todman,PIT,25.0,11,0.0,4,22,5.5,0,2.0,2015
144,Tyler Varga,IND,22.0,3,0.0,1,2,2.0,0,2.0,2015
151,Jerome Felton,BUF,29.0,16,8.0,1,2,2.0,0,1.0,2015
153,Jorvorskie Lane,TAM,28.0,16,6.0,1,0,0.0,0,1.0,2015
157,Terrence Magee,BAL,22.0,3,0.0,2,5,2.5,0,1.0,2015
152,Bobby Rainey,TAM,28.0,16,0.0,5,18,3.6,0,1.0,2015
156,Antone Smith,CHI,30.0,5,0.0,1,11,11.0,0,1.0,2015
155,Rod Smith,2TM,23.0,11,0.0,2,5,2.5,0,1.0,2015
154,Trey Williams,IND,23.0,2,0.0,2,12,6.0,0,1.0,2015
158,Tyler Clutts,DAL,31.0,16,5.0,0,0,,0,,2015
159,Kendall Hunter,NOR,27.0,2,0.0,1,2,2.0,0,,2015
160,George Winn,DET,25.0,7,0.0,4,1,0.25,0,,2015
169,Cierre Wood,BUF,24.0,2,0.0,2,3,1.5,0,,2015
170,Corey Grant,JAX,24.0,6,0.0,6,2,0.33,0,-1.0,2015
172,Marcus Murphy,NOR,24.0,13,0.0,1,0,0.0,0,-2.0,2015
171,Isaiah Pead,STL,26.0,2,0.0,2,3,1.5,0,-2.0,2015
174,Glenn Winston,CLE,26.0,3,0.0,1,-8,-8.0,0,-3.0,2015
1,David Johnson*+,ARI,25.0,16,16.0,293,1239,4.23,16,328.0,2016
2,Ezekiel Elliott*+,DAL,21.0,15,15.0,322,1631,5.07,15,293.0,2016
3,LeSean McCoy*,BUF,28.0,15,15.0,234,1267,5.41,13,248.0,2016
4,DeMarco Murray*,TEN,28.0,16,16.0,293,1287,4.39,9,243.0,2016
5,Le'Veon Bell*,PIT,24.0,12,12.0,261,1268,4.86,7,242.0,2016
6,Devonta Freeman*,ATL,24.0,16,16.0,227,1079,4.75,11,232.0,2016
7,LeGarrette Blount,NWE,30.0,16,8.0,299,1161,3.88,18,226.0,2016
8,Melvin Gordon*,SDG,23.0,13,11.0,254,997,3.93,10,210.0,2016
9,Jordan Howard*,CHI,22.0,15,13.0,252,1313,5.21,6,201.0,2016
10,Mark Ingram,NOR,27.0,16,14.0,205,1043,5.09,6,198.0,2016
11,Jay Ajayi*,MIA,23.0,15,12.0,260,1272,4.89,8,188.0,2016
12,Frank Gore,IND,33.0,16,16.0,263,1025,3.9,4,176.0,2016
13,Latavius Murray,OAK,26.0,14,12.0,195,788,4.04,12,175.0,2016
14,Isaiah Crowell,CLE,23.0,16,16.0,198,952,4.81,7,165.0,2016
15,Carlos Hyde,SFO,26.0,13,13.0,217,988,4.55,6,165.0,2016
16,Spencer Ware,KAN,25.0,14,14.0,214,921,4.3,3,161.0,2016
18,Lamar Miller,HOU,25.0,14,14.0,268,1073,4.0,5,160.0,2016
17,Tevin Coleman,ATL,23.0,13,0.0,118,520,4.41,8,160.0,2016
19,Jeremy Hill,CIN,24.0,15,13.0,222,839,3.78,9,155.0,2016
20,Todd Gurley,LAR,22.0,16,16.0,278,885,3.18,6,155.0,2016
21,Matt Forte,NYJ,31.0,14,13.0,218,813,3.73,7,154.0,2016
22,Jonathan Stewart,CAR,29.0,13,13.0,218,824,3.78,9,138.0,2016
23,Terrance West,BAL,25.0,16,13.0,193,774,4.01,5,137.0,2016
24,Ryan Mathews,PHI,29.0,13,8.0,155,661,4.26,8,132.0,2016
25,Robert Kelley,WAS,24.0,15,9.0,168,704,4.19,6,121.0,2016
27,Mike Gillislee,BUF,26.0,15,1.0,101,577,5.71,8,117.0,2016
26,Christine Michael,2TM,26.0,15,7.0,148,583,3.94,7,117.0,2016
28,Devontae Booker,DEN,24.0,16,6.0,174,612,3.52,4,112.0,2016
29,Darren Sproles*,PHI,33.0,15,5.0,94,438,4.66,2,111.0,2016
30,Theo Riddick,DET,25.0,10,8.0,92,357,3.88,1,109.0,2016
32,Tim Hightower,NOR,30.0,16,1.0,133,548,4.12,4,107.0,2016
31,Jerick McKinnon,MIN,24.0,15,7.0,159,539,3.39,2,107.0,2016
33,James White,NWE,24.0,16,4.0,39,166,4.26,0,104.0,2016
34,Rashad Jennings,NYG,31.0,13,12.0,181,593,3.28,3,103.0,2016
36,Matt Asiata,MIN,29.0,16,6.0,121,402,3.32,6,101.0,2016
35,Chris Thompson,WAS,26.0,16,0.0,68,356,5.24,3,101.0,2016
37,Ty Montgomery,GNB,23.0,15,6.0,77,457,5.94,3,97.0,2016
38,Derrick Henry,TEN,22.0,15,2.0,110,490,4.45,5,93.0,2016
39,Duke Johnson,CLE,23.0,16,1.0,73,358,4.9,1,91.0,2016
40,T.J. Yeldon,JAX,23.0,15,13.0,130,465,3.58,1,88.0,2016
41,C.J. Anderson,DEN,25.0,7,7.0,110,437,3.97,4,87.0,2016
42,Jalen Richard,OAK,23.0,16,0.0,83,491,5.92,1,87.0,2016
43,DeAngelo Williams,PIT,33.0,9,4.0,98,343,3.5,4,84.0,2016
44,Giovani Bernard,CIN,25.0,10,2.0,91,337,3.7,2,83.0,2016
45,Robert Turbin,IND,27.0,15,0.0,47,164,3.49,7,82.0,2016
46,Shaun Draughn,SFO,29.0,16,1.0,74,196,2.65,4,80.0,2016
47,Jacquizz Rodgers,TAM,26.0,10,5.0,129,560,4.34,2,78.0,2016
49,Chris Ivory,JAX,28.0,11,1.0,117,439,3.75,3,75.0,2016
48,Zach Zenner,DET,25.0,14,4.0,88,334,3.8,4,75.0,2016
50,Kenneth Dixon,BAL,22.0,12,0.0,88,382,4.34,2,72.0,2016
51,Doug Martin,TAM,27.0,8,8.0,144,421,2.92,3,72.0,2016
52,Damien Williams,MIA,24.0,15,0.0,35,115,3.29,3,70.0,2016
53,DeAndre Washington,OAK,23.0,14,2.0,87,467,5.37,2,68.0,2016
54,Matt Jones,WAS,23.0,7,7.0,99,460,4.65,3,67.0,2016
55,Charcandrick West,KAN,25.0,15,2.0,88,293,3.33,1,66.0,2016
56,Malcolm Mitchell,NWE,24.0,14,6.0,0,0,,0,64.0,2016
57,Thomas Rawls,SEA,23.0,9,7.0,109,349,3.2,3,63.0,2016
58,Paul Perkins,NYG,22.0,14,1.0,112,456,4.07,0,62.0,2016
59,Rex Burkhead,CIN,26.0,16,1.0,74,344,4.65,2,59.0,2016
61,Travaris Cadet,NOR,27.0,15,1.0,4,19,4.75,0,54.0,2016
60,Jeremy Langford,CHI,25.0,12,3.0,62,200,3.23,4,54.0,2016
62,Alfred Blue,HOU,25.0,14,2.0,100,420,4.2,1,50.0,2016
63,Fozzy Whittaker,CAR,27.0,16,0.0,57,265,4.65,0,47.0,2016
64,Jamize Olawale,OAK,27.0,16,7.0,17,47,2.76,2,45.0,2016
65,C.J. Prosise,SEA,22.0,6,2.0,30,172,5.73,1,44.0,2016
66,Charles Sims,TAM,26.0,7,2.0,51,149,2.92,1,44.0,2016
68,Justin Forsett,3TM,31.0,9,6.0,87,291,3.34,1,42.0,2016
67,James Starks,GNB,30.0,9,4.0,63,145,2.3,0,42.0,2016
69,John Kuhn,NOR,34.0,16,3.0,18,37,2.06,4,41.0,2016
70,Wendell Smallwood,PHI,22.0,13,3.0,77,312,4.05,1,41.0,2016
71,Aaron Ripkowski,GNB,24.0,16,8.0,34,150,4.41,2,40.0,2016
72,Eddie Lacy,GNB,26.0,5,5.0,71,360,5.07,0,39.0,2016
73,Dwayne Washington,DET,22.0,12,2.0,90,265,2.94,1,39.0,2016
74,Dion Lewis,NWE,26.0,7,5.0,64,283,4.42,0,38.0,2016
76,Kyle Juszczyk*,BAL,25.0,16,7.0,5,22,4.4,1,37.0,2016
75,Alfred Morris,DAL,28.0,14,0.0,69,243,3.52,2,37.0,2016
77,Kenyan Drake,MIA,22.0,16,1.0,33,179,5.42,2,35.0,2016
78,Corey Grant,JAX,25.0,11,1.0,32,164,5.13,1,32.0,2016
79,Peyton Barber,TAM,22.0,15,1.0,55,223,4.05,1,31.0,2016
80,Kenjon Barner,PHI,26.0,13,0.0,27,129,4.78,2,29.0,2016
82,Cameron Artis-Payne,CAR,26.0,3,3.0,36,144,4.0,2,28.0,2016
81,Kerwynn Williams,ARI,25.0,10,0.0,18,157,8.72,2,28.0,2016
83,DuJuan Harris,SFO,28.0,10,1.0,38,138,3.63,0,27.0,2016
84,Shane Vereen,NYG,27.0,5,1.0,33,158,4.79,1,27.0,2016
85,Kapri Bibbs,DEN,23.0,12,0.0,29,129,4.45,0,26.0,2016
86,Alex Collins,SEA,22.0,11,0.0,31,125,4.03,1,25.0,2016
87,Mike Tolbert*,CAR,31.0,16,2.0,35,114,3.26,0,25.0,2016
88,Orleans Darkwa,NYG,24.0,10,2.0,30,111,3.7,2,24.0,2016
89,Kenneth Farrow,SDG,23.0,13,2.0,60,192,3.2,0,24.0,2016
91,Ameer Abdullah,DET,23.0,2,2.0,18,101,5.61,0,22.0,2016
90,Ronnie Hillman,2TM,25.0,8,1.0,41,131,3.2,0,22.0,2016
92,Lance Dunbar,DAL,26.0,13,0.0,9,31,3.44,1,21.0,2016
93,Danny Woodhead,SDG,31.0,2,1.0,19,116,6.11,0,21.0,2016
94,Jonathan Grimes,HOU,27.0,10,0.0,23,105,4.57,0,20.0,2016
95,Bobby Rainey,NYG,29.0,15,0.0,17,63,3.71,0,20.0,2016
96,Benny Cunningham,LAR,26.0,11,0.0,21,101,4.81,0,19.0,2016
97,Ka'Deem Carey,CHI,24.0,12,0.0,32,126,3.94,0,18.0,2016
98,Andre Ellington,ARI,27.0,16,0.0,34,96,2.82,0,18.0,2016
99,Reggie Bush,BUF,31.0,13,0.0,12,-3,-0.25,1,17.0,2016
100,Denard Robinson,JAX,26.0,13,1.0,41,144,3.51,0,17.0,2016
102,Josh Ferguson,IND,23.0,16,0.0,15,20,1.33,0,16.0,2016
103,Chris Johnson,ARI,31.0,4,0.0,25,95,3.8,1,16.0,2016
101,Terron Ward,ATL,24.0,5,0.0,31,151,4.87,0,16.0,2016
105,Mack Brown,WAS,25.0,9,0.0,8,82,10.25,1,14.0,2016
106,Akeem Hunt,HOU,23.0,8,0.0,20,109,5.45,0,14.0,2016
107,Andy Janovich,DEN,23.0,11,5.0,4,33,8.25,1,14.0,2016
104,Walt Powell,BUF,25.0,9,2.0,0,0,,0,14.0,2016
108,Arian Foster,MIA,30.0,4,2.0,22,55,2.5,0,13.0,2016
109,C.J. Spiller,2TM,29.0,6,0.0,6,18,3.0,0,13.0,2016
110,Mike Davis,SFO,23.0,8,1.0,19,50,2.63,1,12.0,2016
112,Jamaal Charles,KAN,30.0,3,0.0,12,40,3.33,1,11.0,2016
113,Patrick DiMarco,ATL,27.0,16,8.0,0,0,,0,11.0,2016
111,Jonathan Williams,BUF,22.0,11,0.0,27,94,3.48,1,11.0,2016
115,Darren McFadden,DAL,29.0,3,2.0,24,87,3.63,0,10.0,2016
114,Antone Smith,TAM,31.0,3,0.0,10,47,4.7,0,10.0,2016
116,George Atkinson,CLE,24.0,16,0.0,7,34,4.86,1,9.0,2016
118,Marcel Reece,SEA,31.0,4,0.0,2,0,0.0,0,9.0,2016
122,Juwan Thompson,DEN,22.0,8,1.0,8,26,3.25,1,9.0,2016
119,Fitzgerald Toussaint,PIT,26.0,16,0.0,14,58,4.14,0,9.0,2016
117,Terrell Watson,PHI,23.0,1,0.0,9,28,3.11,1,9.0,2016
120,Derek Watt,SDG,24.0,16,2.0,2,4,2.0,0,9.0,2016
121,Andre Williams,SDG,24.0,1,0.0,18,87,4.83,0,9.0,2016
125,Malcolm Brown,LAR,23.0,16,0.0,18,39,2.17,0,7.0,2016
124,Jerome Felton,BUF,30.0,15,4.0,8,13,1.63,0,7.0,2016
123,Byron Marshall,PHI,22.0,3,0.0,19,64,3.37,0,7.0,2016
126,Adrian Peterson,MIN,31.0,3,3.0,37,72,1.95,0,6.0,2016
127,Jordan Todman,IND,26.0,16,0.0,9,59,6.56,0,6.0,2016
129,Javorius Allen,BAL,25.0,8,0.0,9,34,3.78,0,5.0,2016
128,Knile Davis,2TM,25.0,11,0.0,18,28,1.56,0,5.0,2016
130,Troymaine Pope,2TM,23.0,4,0.0,12,44,3.67,0,5.0,2016
131,Brandon Wilds,NYJ,23.0,4,0.0,10,27,2.7,0,5.0,2016
133,Mike James,TAM,25.0,4,0.0,4,19,4.75,0,4.0,2016
134,Taiwan Jones,OAK,28.0,13,0.0,1,-8,-8.0,0,4.0,2016
132,Daniel Lasco,NOR,24.0,7,0.0,11,32,2.91,0,4.0,2016
139,D.J. Foster,NWE,23.0,3,0.0,7,24,3.43,0,3.0,2016
135,Don Jackson,GNB,23.0,3,1.0,10,32,3.2,0,3.0,2016
138,Malcolm Johnson,CLE,24.0,7,1.0,1,2,2.0,0,3.0,2016
136,Isaiah Pead,MIA,27.0,3,0.0,8,22,2.75,0,3.0,2016
140,Keith Smith,DAL,24.0,16,1.0,2,5,2.5,0,3.0,2016
137,Dan Vitale,CLE,23.0,9,3.0,0,0,,0,3.0,2016
148,Antonio Andrews,TEN,24.0,16,0.0,2,15,7.5,0,2.0,2016
141,Brandon Bolden,NWE,26.0,14,0.0,1,4,4.0,0,2.0,2016
143,James Develin,NWE,28.0,16,4.0,0,0,,0,2.0,2016
144,Jalston Fowler,TEN,26.0,16,7.0,1,3,3.0,0,2.0,2016
147,Zach Line,MIN,26.0,15,4.0,7,15,2.14,0,2.0,2016
142,J.D. McKissic,SEA,23.0,1,0.0,1,2,2.0,0,2.0,2016
145,Cedric Peerman,CIN,30.0,6,0.0,6,15,2.5,0,2.0,2016
146,Jay Prosch,HOU,24.0,15,1.0,4,9,2.25,0,2.0,2016
157,Joe Banyard,JAX,28.0,1,0.0,2,7,3.5,0,1.0,2016
160,George Farmer,SEA,23.0,2,0.0,1,1,1.0,0,1.0,2016
149,Ryan Hewitt,CIN,25.0,16,11.0,0,0,,0,1.0,2016
153,Bronson Hill,JAX,23.0,3,0.0,2,11,5.5,0,1.0,2016
152,Paul Lasike,CHI,26.0,10,3.0,3,8,2.67,0,1.0,2016
150,Terrence Magee,SEA,23.0,2,0.0,3,12,4.0,0,1.0,2016
159,Raheem Mostert,2TM,24.0,3,0.0,1,6,6.0,0,1.0,2016
161,Roosevelt Nix,PIT,24.0,10,3.0,0,0,,0,1.0,2016
156,Daryl Richardson,PIT,26.0,3,0.0,2,7,3.5,0,1.0,2016
158,Stevan Ridley,ATL,27.0,1,0.0,3,7,2.33,0,1.0,2016
154,Anthony Sherman,KAN,28.0,16,3.0,0,0,,0,1.0,2016
155,Lorenzo Taliaferro,BAL,25.0,3,0.0,1,0,0.0,0,1.0,2016
151,Stepfan Taylor,ARI,25.0,15,0.0,4,12,3.0,0,1.0,2016
163,Joique Bell,2TM,30.0,7,0.0,3,6,2.0,0,,2016
170,Brandon Burks,NYJ,23.0,1,0.0,2,-4,-2.0,0,,2016
169,Joe Kerridge,GNB,24.0,8,0.0,1,0,0.0,0,,2016
165,Marcus Murphy,NOR,25.0,3,0.0,0,0,,0,,2016
164,Chase Reynolds,LAR,29.0,16,0.0,0,0,,0,,2016
167,Khiry Robinson,NYJ,27.0,1,0.0,8,22,2.75,0,,2016
162,Rod Smith,DAL,24.0,7,0.0,0,0,,0,,2016
166,Will Tukuafu,SEA,32.0,7,1.0,2,2,1.0,0,,2016
171,Bralon Addison,CHI,23.0,2,0.0,1,4,4.0,0,-1.0,2016
172,Tyler Ervin,HOU,23.0,12,0.0,1,3,3.0,0,-2.0,2016
1,Todd Gurley*+,LAR,23.0,15,15.0,279,1305,4.68,13,319.0,2017
2,Le'Veon Bell*+,PIT,25.0,15,15.0,321,1291,4.02,9,259.0,2017
3,Kareem Hunt*,KAN,22.0,16,16.0,272,1327,4.88,8,242.0,2017
4,Alvin Kamara*,NOR,22.0,16,3.0,120,728,6.07,8,233.0,2017
5,Melvin Gordon,LAC,24.0,16,16.0,284,1105,3.89,8,230.0,2017
6,Mark Ingram*,NOR,28.0,16,13.0,230,1124,4.89,12,220.0,2017
7,LeSean McCoy*,BUF,29.0,16,16.0,287,1138,3.97,6,205.0,2017
8,Leonard Fournette,JAX,22.0,13,13.0,268,1040,3.88,9,194.0,2017
9,Ezekiel Elliott,DAL,22.0,10,10.0,242,983,4.06,7,177.0,2017
10,Jordan Howard,CHI,23.0,16,16.0,276,1122,4.07,9,177.0,2017
11,Carlos Hyde,SFO,27.0,16,16.0,240,938,3.91,8,175.0,2017
12,Dion Lewis,NWE,27.0,16,8.0,180,896,4.98,6,165.0,2017
13,Devonta Freeman,ATL,25.0,14,14.0,196,865,4.41,7,164.0,2017
14,Lamar Miller,HOU,26.0,16,13.0,238,888,3.73,3,158.0,2017
15,Christian McCaffrey,CAR,21.0,16,10.0,117,435,3.72,2,149.0,2017
16,Alex Collins,BAL,23.0,15,12.0,212,973,4.59,6,148.0,2017
17,C.J. Anderson,DEN,26.0,16,16.0,245,1007,4.11,3,147.0,2017
18,Frank Gore,IND,34.0,16,16.0,261,961,3.68,3,145.0,2017
19,Marshawn Lynch,OAK,31.0,15,15.0,207,891,4.3,7,144.0,2017
20,Latavius Murray,MIN,27.0,16,11.0,216,842,3.9,8,143.0,2017
21,Duke Johnson,CLE,24.0,16,0.0,82,348,4.24,4,142.0,2017
22,Tevin Coleman,ATL,24.0,15,3.0,156,628,4.03,5,141.0,2017
23,DeMarco Murray,TEN,29.0,15,15.0,184,659,3.58,6,133.0,2017
24,Jerick McKinnon,MIN,25.0,16,1.0,150,570,3.8,3,127.0,2017
25,Derrick Henry,TEN,23.0,16,2.0,176,744,4.23,5,124.0,2017
26,Bilal Powell,NYJ,29.0,15,10.0,178,772,4.34,5,122.0,2017
27,Javorius Allen,BAL,26.0,16,0.0,153,591,3.86,4,120.0,2017
28,Orleans Darkwa,NYG,25.0,15,11.0,171,751,4.39,5,119.0,2017
29,Jamaal Williams,GNB,22.0,16,7.0,153,556,3.63,4,118.0,2017
30,Isaiah Crowell,CLE,24.0,16,16.0,206,853,4.14,2,116.0,2017
31,Chris Thompson,WAS,27.0,10,1.0,64,294,4.59,2,112.0,2017
33,Jay Ajayi,2TM,24.0,14,8.0,208,873,4.2,1,111.0,2017
32,Joe Mixon,CIN,21.0,14,7.0,178,626,3.52,4,111.0,2017
34,Kenyan Drake,MIA,23.0,16,6.0,133,644,4.84,3,110.0,2017
36,Giovani Bernard,CIN,26.0,16,2.0,105,458,4.36,2,109.0,2017
35,Jonathan Stewart,CAR,30.0,15,10.0,198,680,3.43,6,109.0,2017
37,Theo Riddick,DET,26.0,16,5.0,84,286,3.4,3,101.0,2017
39,LeGarrette Blount,PHI,31.0,16,11.0,173,766,4.43,2,100.0,2017
38,Rex Burkhead,NWE,27.0,10,3.0,64,264,4.13,5,100.0,2017
40,Ameer Abdullah,DET,24.0,14,11.0,165,552,3.35,4,99.0,2017
41,Samaje Perine,WAS,22.0,16,8.0,175,603,3.45,1,87.0,2017
42,Corey Clement,PHI,23.0,16,0.0,74,321,4.34,4,84.0,2017
44,Matt Breida,SFO,22.0,16,0.0,105,465,4.43,2,83.0,2017
43,Matt Forte,NYJ,32.0,12,4.0,103,381,3.7,2,83.0,2017
45,Marlon Mack,IND,21.0,14,0.0,93,358,3.85,3,82.0,2017
46,Austin Ekeler,LAC,22.0,16,0.0,47,260,5.53,2,80.0,2017
47,James White,NWE,25.0,14,4.0,43,171,3.98,0,78.0,2017
48,Rod Smith,DAL,25.0,15,1.0,55,232,4.22,4,73.0,2017
50,Wayne Gallman,NYG,23.0,13,1.0,111,476,4.29,0,71.0,2017
49,Aaron Jones,GNB,23.0,12,4.0,81,448,5.53,4,71.0,2017
51,Peyton Barber,TAM,23.0,16,4.0,108,423,3.92,3,70.0,2017
52,Ty Montgomery,GNB,24.0,8,5.0,71,273,3.85,3,69.0,2017
54,Mike Gillislee,NWE,27.0,9,2.0,104,383,3.68,5,68.0,2017
53,Adrian Peterson,2TM,32.0,10,7.0,156,529,3.39,2,68.0,2017
55,Doug Martin,TAM,28.0,11,8.0,138,406,2.94,3,67.0,2017
56,J.D. McKissic,SEA,24.0,13,1.0,46,187,4.07,1,65.0,2017
57,Alfred Morris,DAL,29.0,14,5.0,115,547,4.76,1,65.0,2017
58,Chris Ivory,JAX,29.0,14,3.0,112,382,3.41,1,64.0,2017
59,Devontae Booker,DEN,25.0,13,0.0,79,299,3.78,1,61.0,2017
60,Elijah McGuire,NYJ,23.0,16,2.0,88,315,3.58,1,59.0,2017
61,Jalen Richard,OAK,24.0,16,1.0,56,275,4.91,1,59.0,2017
62,Kerwynn Williams,ARI,26.0,16,6.0,120,426,3.55,1,58.0,2017
63,T.J. Yeldon,JAX,24.0,10,0.0,49,253,5.16,2,58.0,2017
64,Dalvin Cook,MIN,22.0,4,4.0,74,354,4.78,2,54.0,2017
65,D'Onta Foreman,HOU,21.0,10,1.0,78,327,4.19,2,51.0,2017
66,DeAndre Washington,OAK,24.0,15,0.0,57,153,2.68,2,51.0,2017
67,Andre Ellington,2TM,28.0,12,2.0,20,55,2.75,1,48.0,2017
68,Charcandrick West,KAN,26.0,13,0.0,18,72,4.0,2,46.0,2017
69,Jamaal Charles,DEN,31.0,14,0.0,69,296,4.29,1,45.0,2017
70,Charles Sims,TAM,27.0,16,0.0,21,95,4.52,0,40.0,2017
71,Shane Vereen,NYG,28.0,16,0.0,45,164,3.64,0,40.0,2017
72,Damien Williams,MIA,25.0,11,4.0,46,181,3.93,0,40.0,2017
74,Corey Grant,JAX,26.0,16,0.0,30,248,8.27,2,39.0,2017
73,Robert Kelley,WAS,25.0,7,7.0,62,194,3.13,3,39.0,2017
76,Alfred Blue,HOU,26.0,11,0.0,71,262,3.69,1,38.0,2017
75,Jacquizz Rodgers,TAM,27.0,16,4.0,64,244,3.81,1,38.0,2017
78,Benny Cunningham,CHI,27.0,14,0.0,9,29,3.22,0,37.0,2017
77,Mike Davis,SEA,24.0,6,6.0,68,240,3.53,0,37.0,2017
79,Kyle Juszczyk*,SFO,26.0,14,10.0,7,31,4.43,0,37.0,2017
80,Mike Tolbert,BUF,32.0,12,0.0,66,247,3.74,1,37.0,2017
81,Malcolm Brown,LAR,24.0,11,1.0,63,246,3.9,1,36.0,2017
82,Wendell Smallwood,PHI,23.0,8,3.0,47,174,3.7,1,34.0,2017
83,Chris Carson,SEA,23.0,4,3.0,49,208,4.24,0,33.0,2017
84,Tion Green,DET,24.0,5,0.0,42,165,3.93,2,30.0,2017
85,Elijhaa Penny,ARI,24.0,16,0.0,31,124,4.0,2,28.0,2017
86,Terrance West,BAL,26.0,5,4.0,39,138,3.54,2,28.0,2017
87,Kapri Bibbs,WAS,24.0,3,0.0,21,79,3.76,0,27.0,2017
88,Danny Woodhead,BAL,32.0,8,0.0,14,56,4.0,0,26.0,2017
90,Tommy Bohanon,JAX,27.0,16,10.0,5,5,1.0,2,23.0,2017
91,Eddie Lacy,SEA,27.0,9,3.0,69,179,2.59,0,23.0,2017
89,Thomas Rawls,SEA,24.0,12,3.0,58,157,2.71,0,23.0,2017
92,Travaris Cadet,2TM,28.0,9,0.0,23,96,4.17,0,22.0,2017
93,Kenjon Barner,PHI,27.0,13,1.0,16,57,3.56,1,17.0,2017
95,Stevan Ridley,PIT,28.0,2,1.0,26,108,4.15,1,17.0,2017
94,Robert Turbin,IND,28.0,6,1.0,23,53,2.3,1,17.0,2017
96,Cameron Artis-Payne,CAR,27.0,13,0.0,18,95,5.28,1,16.0,2017
97,Chris Johnson,ARI,32.0,4,3.0,45,114,2.53,0,16.0,2017
98,D.J. Foster,ARI,24.0,7,0.0,6,19,3.17,0,15.0,2017
99,Anthony Sherman,KAN,29.0,16,3.0,14,40,2.86,1,15.0,2017
100,James Conner,PIT,22.0,14,0.0,32,144,4.5,0,14.0,2017
101,C.J. Ham,MIN,24.0,16,1.0,7,13,1.86,1,14.0,2017
102,Jamize Olawale,OAK,28.0,12,0.0,9,43,4.78,1,14.0,2017
103,Paul Perkins,NYG,23.0,11,4.0,41,90,2.2,0,14.0,2017
104,Jeremy Hill,CIN,25.0,7,7.0,37,116,3.14,0,13.0,2017
105,Roosevelt Nix*,PIT,25.0,16,4.0,3,0,0.0,1,13.0,2017
106,Fozzy Whittaker,CAR,28.0,12,0.0,7,18,2.57,0,13.0,2017
107,Terron Ward,ATL,25.0,14,0.0,30,129,4.3,0,12.0,2017
109,Lance Dunbar,LAR,27.0,4,0.0,11,51,4.64,1,11.0,2017
113,Trey Edmunds,NOR,23.0,16,0.0,9,48,5.33,1,11.0,2017
112,De'Angelo Henderson,DEN,25.0,5,0.0,7,13,1.86,0,11.0,2017
114,Andy Janovich,DEN,24.0,16,4.0,6,12,2.0,1,11.0,2017
111,Branden Oliver,LAC,26.0,8,0.0,35,83,2.37,0,11.0,2017
110,C.J. Prosise,SEA,23.0,5,0.0,11,23,2.09,0,11.0,2017
108,Darren Sproles,PHI,34.0,3,0.0,15,61,4.07,0,11.0,2017
115,Zach Line,NOR,27.0,12,4.0,7,28,4.0,0,10.0,2017
116,Zach Zenner,DET,26.0,8,0.0,14,26,1.86,1,9.0,2017
117,Brandon Bolden,NWE,27.0,16,0.0,13,67,5.15,0,7.0,2017
118,Brian Hill,2TM,22.0,7,0.0,11,37,3.36,0,7.0,2017
119,David Johnson,ARI,26.0,1,1.0,11,23,2.09,0,7.0,2017
122,Tre Madden,SEA,24.0,8,3.0,0,0,,0,7.0,2017
121,Byron Marshall,WAS,23.0,4,0.0,9,32,3.56,0,7.0,2017
120,Marcus Murphy,BUF,26.0,1,0.0,7,41,5.86,0,7.0,2017
123,Jalston Fowler,TEN,27.0,10,1.0,2,4,2.0,1,6.0,2017
125,Dwayne Washington,DET,23.0,5,0.0,20,44,2.2,0,6.0,2017
124,Derek Watt,LAC,25.0,16,4.0,6,24,4.0,0,6.0,2017
128,Tyler Ervin,HOU,24.0,4,0.0,4,12,3.0,0,5.0,2017
126,Akeem Hunt,KAN,24.0,15,0.0,8,23,2.88,0,5.0,2017
127,Aaron Ripkowski,GNB,25.0,16,2.0,5,13,2.6,0,5.0,2017
131,Mack Brown,2TM,26.0,4,0.0,8,29,3.63,0,4.0,2017
130,Matthew Dayes,CLE,23.0,16,0.0,5,13,2.6,0,4.0,2017
129,Lawrence Thomas,NYJ,24.0,14,4.0,2,1,0.5,0,4.0,2017
135,Derrick Coleman,ATL,27.0,16,7.0,2,8,4.0,0,3.0,2017
137,Patrick DiMarco,BUF,28.0,16,9.0,2,-2,-1.0,0,3.0,2017
133,Senorise Perry,MIA,26.0,16,0.0,8,30,3.75,0,3.0,2017
134,Jay Prosch,HOU,25.0,16,5.0,0,0,,0,3.0,2017
136,De'Veon Smith,MIA,23.0,5,0.0,0,0,,0,3.0,2017
138,Keith Smith,DAL,25.0,16,3.0,0,0,,0,3.0,2017
132,Fitzgerald Toussaint,PIT,27.0,6,0.0,6,25,4.17,0,3.0,2017
139,Andre Williams,LAC,25.0,8,0.0,9,25,2.78,0,3.0,2017
145,Michael Burton,CHI,25.0,16,3.0,4,9,2.25,0,2.0,2017
142,Josh Ferguson,IND,24.0,10,0.0,1,5,5.0,0,2.0,2017
141,David Fluellen,TEN,25.0,16,0.0,4,21,5.25,0,2.0,2017
140,Ryan Hewitt,CIN,26.0,13,4.0,0,0,,0,2.0,2017
143,Bobby Rainey,BAL,30.0,4,0.0,1,2,2.0,0,2.0,2017
144,Dan Vitale,CLE,24.0,15,6.0,0,0,,0,2.0,2017
147,LeShun Daniels,WAS,22.0,4,0.0,3,14,4.67,0,1.0,2017
146,Matt Jones,IND,24.0,5,0.0,5,14,2.8,0,1.0,2017
148,Taiwan Jones,BUF,29.0,8,0.0,0,0,,0,1.0,2017
149,Raheem Mostert,SFO,25.0,11,0.0,6,30,5.0,0,1.0,2017
150,Terrell Watson,PIT,24.0,10,0.0,5,8,1.6,0,1.0,2017
153,Justin Davis,LAR,22.0,4,0.0,1,1,1.0,0,,2017
159,Bronson Hill,ARI,24.0,2,0.0,1,-2,-2.0,0,,2017
151,Joe Kerridge,GNB,25.0,4,0.0,0,0,,0,,2017
152,John Kuhn,NOR,35.0,2,1.0,1,2,2.0,0,,2017
160,Darren McFadden,DAL,30.0,1,0.0,1,-2,-2.0,0,,2017
154,C.J. Spiller,KAN,30.0,1,0.0,2,0,0.0,0,,2017
161,Devante Mays,GNB,23.0,8,0.0,4,1,0.25,0,-2.0,2017
